{"resourceType":"CodeSystem","id":"body-location","text":{"status":"generated","div":"<div xmlns=\"http://www.w3.org/1999/xhtml\"><h2>body-location</h2><div><p>A location on the body. This is an incomplete value set. Values from the Anatomical or acquired body structure hierarchy of SNOMED can be added as needed.</p>\n</div><p>This code system http://www.fhir.org/guides/mfhir/CodeSystem/body-location defines the following codes:</p><table class=\"codes\"><tr><td style=\"white-space:nowrap\"><b>Code</b></td><td><b>Display</b></td><td><b>Definition</b></td></tr><tr><td style=\"white-space:nowrap\">left ankle<a name=\"body-location-leftankle\"> </a></td><td>left ankle</td><td/></tr><tr><td style=\"white-space:nowrap\">right ankle<a name=\"body-location-rightankle\"> </a></td><td>right ankle</td><td/></tr><tr><td style=\"white-space:nowrap\">left hip<a name=\"body-location-lefthip\"> </a></td><td>left hip</td><td/></tr><tr><td style=\"white-space:nowrap\">right hip<a name=\"body-location-righthip\"> </a></td><td>right hip</td><td/></tr><tr><td style=\"white-space:nowrap\">left thigh<a name=\"body-location-leftthigh\"> </a></td><td>left thigh</td><td/></tr><tr><td style=\"white-space:nowrap\">right thigh<a name=\"body-location-rightthigh\"> </a></td><td>right thigh</td><td/></tr><tr><td style=\"white-space:nowrap\">left thorax<a name=\"body-location-leftthorax\"> </a></td><td>left thorax</td><td/></tr><tr><td style=\"white-space:nowrap\">middle left thorax<a name=\"body-location-middleleftthorax\"> </a></td><td>middle left thorax</td><td/></tr><tr><td style=\"white-space:nowrap\">left upper arm<a name=\"body-location-leftupperarm\"> </a></td><td>left upper arm</td><td/></tr><tr><td style=\"white-space:nowrap\">right upper arm<a name=\"body-location-rightupperarm\"> </a></td><td>right upper arm</td><td/></tr><tr><td style=\"white-space:nowrap\">left wrist<a name=\"body-location-leftwrist\"> </a></td><td>left wrist</td><td/></tr><tr><td style=\"white-space:nowrap\">right wrist<a name=\"body-location-rightwrist\"> </a></td><td>right wrist</td><td/></tr></table></div>"},"url":"http://www.fhir.org/guides/mfhir/CodeSystem/body-location","version":"0.0.0","name":"body-location","status":"draft","date":"2018-04-28T08:55:00-07:00","contact":[{"telecom":[{"system":"url","value":"http://www.openmhealth.org/"}]}],"description":"A location on the body. This is an incomplete value set. Values from the Anatomical or acquired body structure hierarchy of SNOMED can be added as needed.","caseSensitive":true,"valueSet":"http://www.fhir.org/guides/mfhir/ValueSet/body-location","content":"complete","concept":[{"code":"left ankle","display":"left ankle"},{"code":"right ankle","display":"right ankle"},{"code":"left hip","display":"left hip"},{"code":"right hip","display":"right hip"},{"code":"left thigh","display":"left thigh"},{"code":"right thigh","display":"right thigh"},{"code":"left thorax","display":"left thorax"},{"code":"middle left thorax","display":"middle left thorax"},{"code":"left upper arm","display":"left upper arm"},{"code":"right upper arm","display":"right upper arm"},{"code":"left wrist","display":"left wrist"},{"code":"right wrist","display":"right wrist"}]}