{"resourceType":"CodeSystem","id":"descriptive-statistic-denominator","text":{"status":"generated","div":"<div xmlns=\"http://www.w3.org/1999/xhtml\"><h2>descriptive-statistic-denominator</h2><div><p>The denominator of the descriptive statistic when the measures has an implicit duration. For example in the context of step count, if the descriptive statistic is 'average' and the statistic denominator is 'd' the value describes average daily step count during the period delimited by the effective time frame; in the context of step count, if the descriptive statistic is 'maximum' and the statistic denominator is 'session' the value describes maximum step count per session during the period delimited by the effective time frame.</p>\n</div><p>This code system http://www.fhir.org/guides/mfhir/CodeSystem/descriptive-statistic-denominator defines the following codes:</p><table class=\"codes\"><tr><td style=\"white-space:nowrap\"><b>Code</b></td><td><b>Display</b></td><td><b>Definition</b></td></tr><tr><td style=\"white-space:nowrap\">d<a name=\"descriptive-statistic-denominator-d\"> </a></td><td>d</td><td/></tr><tr><td style=\"white-space:nowrap\">episode<a name=\"descriptive-statistic-denominator-episode\"> </a></td><td>episode</td><td/></tr><tr><td style=\"white-space:nowrap\">meal<a name=\"descriptive-statistic-denominator-meal\"> </a></td><td>meal</td><td/></tr><tr><td style=\"white-space:nowrap\">session<a name=\"descriptive-statistic-denominator-session\"> </a></td><td>session</td><td/></tr></table></div>"},"url":"http://www.fhir.org/guides/mfhir/CodeSystem/descriptive-statistic-denominator","version":"0.0.0","name":"descriptive-statistic-denominator","status":"draft","date":"2018-04-28T08:55:00-07:00","contact":[{"telecom":[{"system":"url","value":"http://www.openmhealth.org/"}]}],"description":"The denominator of the descriptive statistic when the measures has an implicit duration. For example in the context of step count, if the descriptive statistic is 'average' and the statistic denominator is 'd' the value describes average daily step count during the period delimited by the effective time frame; in the context of step count, if the descriptive statistic is 'maximum' and the statistic denominator is 'session' the value describes maximum step count per session during the period delimited by the effective time frame.","caseSensitive":true,"valueSet":"http://www.fhir.org/guides/mfhir/ValueSet/descriptive-statistic-denominator","content":"complete","concept":[{"code":"d","display":"d"},{"code":"episode","display":"episode"},{"code":"meal","display":"meal"},{"code":"session","display":"session"}]}