{"resourceType":"ImplementationGuide","id":"ig","text":{"status":"generated","div":"<div xmlns=\"http://www.w3.org/1999/xhtml\"><h2>IG-Test3</h2><p>The official URL for this implementation guide is: </p><pre>http://www.fhir.org/guides/test3/ImplementationGuide/ig</pre></div>"},"url":"http://www.fhir.org/guides/test3/ImplementationGuide/ig","version":"0.0.0","name":"IG-Test3","status":"draft","publisher":"Health eData Inc","copyright":"Used by permission of Health eData Inc, all rights reserved Creative Commons License","fhirVersion":"3.4.0","definition":{"resource":[{"extension":[{"url":"http://hl7.org/fhir/StructureDefinition/implementationguide-page","valueUri":"Observation-example.html"}],"reference":{"reference":"Observation/example"},"exampleBoolean":true},{"extension":[{"url":"http://hl7.org/fhir/StructureDefinition/implementationguide-page","valueUri":"StructureMap-Foo.html"}],"reference":{"reference":"StructureMap/Foo"},"exampleBoolean":false},{"extension":[{"url":"http://hl7.org/fhir/StructureDefinition/implementationguide-page","valueUri":"StructureDefinition-template-basic2.html"}],"reference":{"reference":"StructureDefinition/template-basic2"},"exampleBoolean":false},{"extension":[{"url":"http://hl7.org/fhir/StructureDefinition/implementationguide-page","valueUri":"CapabilityStatement-server.html"}],"reference":{"reference":"CapabilityStatement/server"},"exampleBoolean":false},{"extension":[{"url":"http://hl7.org/fhir/StructureDefinition/implementationguide-page","valueUri":"CapabilityStatement-client.html"}],"reference":{"reference":"CapabilityStatement/client"},"exampleBoolean":false}],"page":{"nameUrl":"index.md","title":"IG-Test3 Homepage","generation":"markdown"}}}