{"resourceType":"ImplementationGuide","id":"ig","text":{"status":"generated","div":"<div xmlns=\"http://www.w3.org/1999/xhtml\"><h2>mFHIR</h2><p>The official URL for this implementation guide is: </p><pre>http://www.fhir.org/guides/mfhir/ImplementationGuide/ig</pre></div>"},"url":"http://www.fhir.org/guides/mfhir/ImplementationGuide/ig","name":"mFHIR","status":"draft","experimental":true,"publisher":"Open mHealth","package":[{"id":"p1","name":"base","resource":[{"extension":[{"url":"http://hl7.org/fhir/StructureDefinition/implementationguide-page","valueUri":"StructureDefinition-omh-step-count.html"}],"example":false,"sourceReference":{"reference":"StructureDefinition/omh-step-count"}},{"extension":[{"url":"http://hl7.org/fhir/StructureDefinition/implementationguide-page","valueUri":"StructureDefinition-omh-heart-rate.html"}],"example":false,"sourceReference":{"reference":"StructureDefinition/omh-heart-rate"}},{"extension":[{"url":"http://hl7.org/fhir/StructureDefinition/implementationguide-page","valueUri":"StructureDefinition-omh-header.html"}],"example":false,"sourceReference":{"reference":"StructureDefinition/omh-header"}},{"extension":[{"url":"http://hl7.org/fhir/StructureDefinition/implementationguide-page","valueUri":"StructureDefinition-omh-datapoint-template.html"}],"example":false,"sourceReference":{"reference":"StructureDefinition/omh-datapoint-template"}},{"extension":[{"url":"http://hl7.org/fhir/StructureDefinition/implementationguide-page","valueUri":"ValueSet-volume-unit-value.html"}],"example":false,"sourceReference":{"reference":"ValueSet/volume-unit-value"}},{"extension":[{"url":"http://hl7.org/fhir/StructureDefinition/implementationguide-page","valueUri":"ValueSet-temporal-relationship-to-sleep.html"}],"example":false,"sourceReference":{"reference":"ValueSet/temporal-relationship-to-sleep"}},{"extension":[{"url":"http://hl7.org/fhir/StructureDefinition/implementationguide-page","valueUri":"ValueSet-temporal-relationship-to-physical-activity.html"}],"example":false,"sourceReference":{"reference":"ValueSet/temporal-relationship-to-physical-activity"}},{"extension":[{"url":"http://hl7.org/fhir/StructureDefinition/implementationguide-page","valueUri":"ValueSet-temporal-relationship-to-meal.html"}],"example":false,"sourceReference":{"reference":"ValueSet/temporal-relationship-to-meal"}},{"extension":[{"url":"http://hl7.org/fhir/StructureDefinition/implementationguide-page","valueUri":"ValueSet-temperature-unit-value.html"}],"example":false,"sourceReference":{"reference":"ValueSet/temperature-unit-value"}},{"extension":[{"url":"http://hl7.org/fhir/StructureDefinition/implementationguide-page","valueUri":"ValueSet-speed-unit-value.html"}],"example":false,"sourceReference":{"reference":"ValueSet/speed-unit-value"}},{"extension":[{"url":"http://hl7.org/fhir/StructureDefinition/implementationguide-page","valueUri":"ValueSet-specimen-source.html"}],"example":false,"sourceReference":{"reference":"ValueSet/specimen-source"}},{"extension":[{"url":"http://hl7.org/fhir/StructureDefinition/implementationguide-page","valueUri":"ValueSet-position-during-measurement.html"}],"example":false,"sourceReference":{"reference":"ValueSet/position-during-measurement"}},{"extension":[{"url":"http://hl7.org/fhir/StructureDefinition/implementationguide-page","valueUri":"ValueSet-part-of-day.html"}],"example":false,"sourceReference":{"reference":"ValueSet/part-of-day"}},{"extension":[{"url":"http://hl7.org/fhir/StructureDefinition/implementationguide-page","valueUri":"ValueSet-pace-unit-value.html"}],"example":false,"sourceReference":{"reference":"ValueSet/pace-unit-value"}},{"extension":[{"url":"http://hl7.org/fhir/StructureDefinition/implementationguide-page","valueUri":"ValueSet-medication-dose-unit.html"}],"example":false,"sourceReference":{"reference":"ValueSet/medication-dose-unit"}},{"extension":[{"url":"http://hl7.org/fhir/StructureDefinition/implementationguide-page","valueUri":"ValueSet-mass-unit-value.html"}],"example":false,"sourceReference":{"reference":"ValueSet/mass-unit-value"}},{"extension":[{"url":"http://hl7.org/fhir/StructureDefinition/implementationguide-page","valueUri":"ValueSet-magnetic-flux-density-unit-value.html"}],"example":false,"sourceReference":{"reference":"ValueSet/magnetic-flux-density-unit-value"}},{"extension":[{"url":"http://hl7.org/fhir/StructureDefinition/implementationguide-page","valueUri":"ValueSet-length-unit-value.html"}],"example":false,"sourceReference":{"reference":"ValueSet/length-unit-value"}},{"extension":[{"url":"http://hl7.org/fhir/StructureDefinition/implementationguide-page","valueUri":"ValueSet-intervention-administration-route.html"}],"example":false,"sourceReference":{"reference":"ValueSet/intervention-administration-route"}},{"extension":[{"url":"http://hl7.org/fhir/StructureDefinition/implementationguide-page","valueUri":"ValueSet-duration-unit-value.html"}],"example":false,"sourceReference":{"reference":"ValueSet/duration-unit-value"}},{"extension":[{"url":"http://hl7.org/fhir/StructureDefinition/implementationguide-page","valueUri":"ValueSet-descriptive-statistic-denominator.html"}],"example":false,"sourceReference":{"reference":"ValueSet/descriptive-statistic-denominator"}},{"extension":[{"url":"http://hl7.org/fhir/StructureDefinition/implementationguide-page","valueUri":"ValueSet-day-of-week.html"}],"example":false,"sourceReference":{"reference":"ValueSet/day-of-week"}},{"extension":[{"url":"http://hl7.org/fhir/StructureDefinition/implementationguide-page","valueUri":"ValueSet-body-posture.html"}],"example":false,"sourceReference":{"reference":"ValueSet/body-posture"}},{"extension":[{"url":"http://hl7.org/fhir/StructureDefinition/implementationguide-page","valueUri":"ValueSet-body-location.html"}],"example":false,"sourceReference":{"reference":"ValueSet/body-location"}},{"extension":[{"url":"http://hl7.org/fhir/StructureDefinition/implementationguide-page","valueUri":"ValueSet-area-unit-value.html"}],"example":false,"sourceReference":{"reference":"ValueSet/area-unit-value"}},{"extension":[{"url":"http://hl7.org/fhir/StructureDefinition/implementationguide-page","valueUri":"StructureDefinition-omh-ventilation-cycle-time.html"}],"example":false,"sourceReference":{"reference":"StructureDefinition/omh-ventilation-cycle-time"}},{"extension":[{"url":"http://hl7.org/fhir/StructureDefinition/implementationguide-page","valueUri":"StructureDefinition-omh-systolic-blood-pressure.html"}],"example":false,"sourceReference":{"reference":"StructureDefinition/omh-systolic-blood-pressure"}},{"extension":[{"url":"http://hl7.org/fhir/StructureDefinition/implementationguide-page","valueUri":"StructureDefinition-omh-speed.html"}],"example":false,"sourceReference":{"reference":"StructureDefinition/omh-speed"}},{"extension":[{"url":"http://hl7.org/fhir/StructureDefinition/implementationguide-page","valueUri":"StructureDefinition-omh-sleep-episode.html"}],"example":false,"sourceReference":{"reference":"StructureDefinition/omh-sleep-episode"}},{"extension":[{"url":"http://hl7.org/fhir/StructureDefinition/implementationguide-page","valueUri":"StructureDefinition-omh-sleep-duration.html"}],"example":false,"sourceReference":{"reference":"StructureDefinition/omh-sleep-duration"}},{"extension":[{"url":"http://hl7.org/fhir/StructureDefinition/implementationguide-page","valueUri":"StructureDefinition-omh-single-medication-dose-taken.html"}],"example":false,"sourceReference":{"reference":"StructureDefinition/omh-single-medication-dose-taken"}},{"extension":[{"url":"http://hl7.org/fhir/StructureDefinition/implementationguide-page","valueUri":"StructureDefinition-omh-rr-interval.html"}],"example":false,"sourceReference":{"reference":"StructureDefinition/omh-rr-interval"}},{"extension":[{"url":"http://hl7.org/fhir/StructureDefinition/implementationguide-page","valueUri":"StructureDefinition-omh-respiratory-rate.html"}],"example":false,"sourceReference":{"reference":"StructureDefinition/omh-respiratory-rate"}},{"extension":[{"url":"http://hl7.org/fhir/StructureDefinition/implementationguide-page","valueUri":"StructureDefinition-omh-reason-single-medication-dose-not-taken.html"}],"example":false,"sourceReference":{"reference":"StructureDefinition/omh-reason-single-medication-dose-not-taken"}},{"extension":[{"url":"http://hl7.org/fhir/StructureDefinition/implementationguide-page","valueUri":"StructureDefinition-omh-physical-activity.html"}],"example":false,"sourceReference":{"reference":"StructureDefinition/omh-physical-activity"}},{"extension":[{"url":"http://hl7.org/fhir/StructureDefinition/implementationguide-page","valueUri":"StructureDefinition-omh-pharmacy-medication-dispensing.html"}],"example":false,"sourceReference":{"reference":"StructureDefinition/omh-pharmacy-medication-dispensing"}},{"extension":[{"url":"http://hl7.org/fhir/StructureDefinition/implementationguide-page","valueUri":"StructureDefinition-omh-patient-medication-schedule.html"}],"example":false,"sourceReference":{"reference":"StructureDefinition/omh-patient-medication-schedule"}},{"extension":[{"url":"http://hl7.org/fhir/StructureDefinition/implementationguide-page","valueUri":"StructureDefinition-omh-pace.html"}],"example":false,"sourceReference":{"reference":"StructureDefinition/omh-pace"}},{"extension":[{"url":"http://hl7.org/fhir/StructureDefinition/implementationguide-page","valueUri":"StructureDefinition-omh-oxygen-saturation.html"}],"example":false,"sourceReference":{"reference":"StructureDefinition/omh-oxygen-saturation"}},{"extension":[{"url":"http://hl7.org/fhir/StructureDefinition/implementationguide-page","valueUri":"StructureDefinition-omh-orientation.html"}],"example":false,"sourceReference":{"reference":"StructureDefinition/omh-orientation"}},{"extension":[{"url":"http://hl7.org/fhir/StructureDefinition/implementationguide-page","valueUri":"StructureDefinition-omh-minutes-moderate-activity.html"}],"example":false,"sourceReference":{"reference":"StructureDefinition/omh-minutes-moderate-activity"}},{"extension":[{"url":"http://hl7.org/fhir/StructureDefinition/implementationguide-page","valueUri":"StructureDefinition-omh-minute-volume.html"}],"example":false,"sourceReference":{"reference":"StructureDefinition/omh-minute-volume"}},{"extension":[{"url":"http://hl7.org/fhir/StructureDefinition/implementationguide-page","valueUri":"StructureDefinition-omh-medication.html"}],"example":false,"sourceReference":{"reference":"StructureDefinition/omh-medication"}},{"extension":[{"url":"http://hl7.org/fhir/StructureDefinition/implementationguide-page","valueUri":"StructureDefinition-omh-medication-prescription.html"}],"example":false,"sourceReference":{"reference":"StructureDefinition/omh-medication-prescription"}},{"extension":[{"url":"http://hl7.org/fhir/StructureDefinition/implementationguide-page","valueUri":"StructureDefinition-omh-medication-adherence-percent.html"}],"example":false,"sourceReference":{"reference":"StructureDefinition/omh-medication-adherence-percent"}},{"extension":[{"url":"http://hl7.org/fhir/StructureDefinition/implementationguide-page","valueUri":"StructureDefinition-omh-magnetic-force.html"}],"example":false,"sourceReference":{"reference":"StructureDefinition/omh-magnetic-force"}},{"extension":[{"url":"http://hl7.org/fhir/StructureDefinition/implementationguide-page","valueUri":"StructureDefinition-omh-inspiratory-time.html"}],"example":false,"sourceReference":{"reference":"StructureDefinition/omh-inspiratory-time"}},{"extension":[{"url":"http://hl7.org/fhir/StructureDefinition/implementationguide-page","valueUri":"StructureDefinition-omh-geoposition.html"}],"example":false,"sourceReference":{"reference":"StructureDefinition/omh-geoposition"}},{"extension":[{"url":"http://hl7.org/fhir/StructureDefinition/implementationguide-page","valueUri":"StructureDefinition-omh-expiratory-time.html"}],"example":false,"sourceReference":{"reference":"StructureDefinition/omh-expiratory-time"}},{"extension":[{"url":"http://hl7.org/fhir/StructureDefinition/implementationguide-page","valueUri":"StructureDefinition-omh-diastolic-blood-pressure.html"}],"example":false,"sourceReference":{"reference":"StructureDefinition/omh-diastolic-blood-pressure"}},{"extension":[{"url":"http://hl7.org/fhir/StructureDefinition/implementationguide-page","valueUri":"StructureDefinition-omh-calories-burned.html"}],"example":false,"sourceReference":{"reference":"StructureDefinition/omh-calories-burned"}},{"extension":[{"url":"http://hl7.org/fhir/StructureDefinition/implementationguide-page","valueUri":"StructureDefinition-omh-breath-carbon-monoxide.html"}],"example":false,"sourceReference":{"reference":"StructureDefinition/omh-breath-carbon-monoxide"}},{"extension":[{"url":"http://hl7.org/fhir/StructureDefinition/implementationguide-page","valueUri":"StructureDefinition-omh-body-weight.html"}],"example":false,"sourceReference":{"reference":"StructureDefinition/omh-body-weight"}},{"extension":[{"url":"http://hl7.org/fhir/StructureDefinition/implementationguide-page","valueUri":"StructureDefinition-omh-body-temperature.html"}],"example":false,"sourceReference":{"reference":"StructureDefinition/omh-body-temperature"}},{"extension":[{"url":"http://hl7.org/fhir/StructureDefinition/implementationguide-page","valueUri":"StructureDefinition-omh-body-mass-index.html"}],"example":false,"sourceReference":{"reference":"StructureDefinition/omh-body-mass-index"}},{"extension":[{"url":"http://hl7.org/fhir/StructureDefinition/implementationguide-page","valueUri":"StructureDefinition-omh-body-height.html"}],"example":false,"sourceReference":{"reference":"StructureDefinition/omh-body-height"}},{"extension":[{"url":"http://hl7.org/fhir/StructureDefinition/implementationguide-page","valueUri":"StructureDefinition-omh-body-fat-percentage.html"}],"example":false,"sourceReference":{"reference":"StructureDefinition/omh-body-fat-percentage"}},{"extension":[{"url":"http://hl7.org/fhir/StructureDefinition/implementationguide-page","valueUri":"StructureDefinition-omh-blood-pressure.html"}],"example":false,"sourceReference":{"reference":"StructureDefinition/omh-blood-pressure"}},{"extension":[{"url":"http://hl7.org/fhir/StructureDefinition/implementationguide-page","valueUri":"StructureDefinition-omh-blood-glucose.html"}],"example":false,"sourceReference":{"reference":"StructureDefinition/omh-blood-glucose"}},{"extension":[{"url":"http://hl7.org/fhir/StructureDefinition/implementationguide-page","valueUri":"StructureDefinition-omh-ambient-temperature.html"}],"example":false,"sourceReference":{"reference":"StructureDefinition/omh-ambient-temperature"}},{"extension":[{"url":"http://hl7.org/fhir/StructureDefinition/implementationguide-page","valueUri":"StructureDefinition-omh-acceleration.html"}],"example":false,"sourceReference":{"reference":"StructureDefinition/omh-acceleration"}},{"extension":[{"url":"http://hl7.org/fhir/StructureDefinition/implementationguide-page","valueUri":"CodeSystem-specimen-source.html"}],"example":false,"sourceReference":{"reference":"CodeSystem/specimen-source"}},{"extension":[{"url":"http://hl7.org/fhir/StructureDefinition/implementationguide-page","valueUri":"CodeSystem-medication-dose-unit.html"}],"example":false,"sourceReference":{"reference":"CodeSystem/medication-dose-unit"}},{"extension":[{"url":"http://hl7.org/fhir/StructureDefinition/implementationguide-page","valueUri":"CodeSystem-intervention-administration-route.html"}],"example":false,"sourceReference":{"reference":"CodeSystem/intervention-administration-route"}},{"extension":[{"url":"http://hl7.org/fhir/StructureDefinition/implementationguide-page","valueUri":"CodeSystem-descriptive-statistic-denominator.html"}],"example":false,"sourceReference":{"reference":"CodeSystem/descriptive-statistic-denominator"}},{"extension":[{"url":"http://hl7.org/fhir/StructureDefinition/implementationguide-page","valueUri":"CodeSystem-body-location.html"}],"example":false,"sourceReference":{"reference":"CodeSystem/body-location"}},{"extension":[{"url":"http://hl7.org/fhir/StructureDefinition/implementationguide-page","valueUri":"CapabilityStatement-server.html"}],"example":false,"sourceReference":{"reference":"CapabilityStatement/server"}},{"extension":[{"url":"http://hl7.org/fhir/StructureDefinition/implementationguide-page","valueUri":"CapabilityStatement-client.html"}],"example":false,"sourceReference":{"reference":"CapabilityStatement/client"}}]}],"page":{"source":"index.md","title":"mFHIR Homepage","kind":"page","page":[{"source":"_includes/toc.md","title":"mFHIR Table of Contents","kind":"page"}]}}