{"resourceType":"ImplementationGuide","id":"ig","text":{"status":"generated","div":"<div xmlns=\"http://www.w3.org/1999/xhtml\"><h2>IG-Test3</h2><p>The official URL for this implementation guide is: </p><pre>http://www.fhir.org/guides/test3/ImplementationGuide/ig</pre></div>"},"url":"http://www.fhir.org/guides/test3/ImplementationGuide/ig","version":"0.0.0","name":"IG-Test3","status":"draft","publisher":"Health eData Inc","copyright":"Used by permission of Health eData Inc, all rights reserved Creative Commons License","packageId":"healthedatainc.igtemplate","license":"CC0-1.0","fhirVersion":"3.4.0","definition":{"package":[{"id":"patient-on-usprofile-spreadsheet.xml","name":"/Users/ehaas/Documents/FHIR/IG-Template2/source/resources/patient-on-usprofile-spreadsheet"},{"id":"template-profile-spreadsheet.xml","name":"Template-basic"}],"resource":[{"extension":[{"url":"http://hl7.org/fhir/StructureDefinition/implementationguide-page","valueUri":"Patient-example.html"}],"reference":{"reference":"Patient/example"},"exampleBoolean":true},{"extension":[{"url":"http://hl7.org/fhir/StructureDefinition/implementationguide-page","valueUri":"ValueSet-blah-codes.html"}],"reference":{"reference":"ValueSet/blah-codes"},"exampleBoolean":false},{"extension":[{"url":"http://hl7.org/fhir/StructureDefinition/implementationguide-page","valueUri":"StructureDefinition-template-basic.html"}],"reference":{"reference":"StructureDefinition/template-basic"},"exampleBoolean":false},{"extension":[{"url":"http://hl7.org/fhir/StructureDefinition/implementationguide-page","valueUri":"StructureDefinition-template-profile-on-profile.html"}],"reference":{"reference":"StructureDefinition/template-profile-on-profile"},"exampleBoolean":false},{"extension":[{"url":"http://hl7.org/fhir/StructureDefinition/implementationguide-page","valueUri":"CodeSystem-blah-codes.html"}],"reference":{"reference":"CodeSystem/blah-codes"},"exampleBoolean":false},{"extension":[{"url":"http://hl7.org/fhir/StructureDefinition/implementationguide-page","valueUri":"CapabilityStatement-server.html"}],"reference":{"reference":"CapabilityStatement/server"},"exampleBoolean":false},{"extension":[{"url":"http://hl7.org/fhir/StructureDefinition/implementationguide-page","valueUri":"CapabilityStatement-client.html"}],"reference":{"reference":"CapabilityStatement/client"},"exampleBoolean":false},{"extension":[{"url":"http://hl7.org/fhir/StructureDefinition/implementationguide-page","valueUri":"StructureDefinition-template-profile-on-profile.html"}],"reference":{"reference":"StructureDefinition/template-profile-on-profile"},"name":"Template-Profile-on-Profile","package":"patient-on-usprofile-spreadsheet.xml"},{"extension":[{"url":"http://hl7.org/fhir/StructureDefinition/implementationguide-page","valueUri":"StructureDefinition-extension-blah.html"}],"reference":{"reference":"StructureDefinition/extension-blah"},"name":"Example Extension","package":"template-profile-spreadsheet.xml"},{"extension":[{"url":"http://hl7.org/fhir/StructureDefinition/implementationguide-page","valueUri":"StructureDefinition-extension-complex.html"}],"reference":{"reference":"StructureDefinition/extension-complex"},"name":"Complex Extension","package":"template-profile-spreadsheet.xml"},{"extension":[{"url":"http://hl7.org/fhir/StructureDefinition/implementationguide-page","valueUri":"StructureDefinition-template-basic.html"}],"reference":{"reference":"StructureDefinition/template-basic"},"name":"Template-basic","package":"template-profile-spreadsheet.xml"}],"page":{"nameUrl":"index.md","title":"IG-Test3 Homepage","generation":"markdown"}}}