{"resourceType":"ImplementationGuide","id":"ig","text":{"status":"generated","div":"<div xmlns=\"http://www.w3.org/1999/xhtml\"><h2>IG_Test3</h2><p>The official URL for this implementation guide is: </p><pre>http://www.fhir.org/guides/test3/ImplementationGuide/ig</pre></div>"},"url":"http://www.fhir.org/guides/test3/ImplementationGuide/ig","version":"0.0.0","name":"IG_Test3","title":"IG_Test3","status":"draft","publisher":"Health eData Inc","contact":[{"telecom":[{"system":"email","value":"ehaas@healthedatainc.com"}]}],"copyright":"Used by permission of Health eData Inc, all rights reserved Creative Commons License","packageId":"healthedatainc.mfhir","license":"CC0-1.0","fhirVersion":["4.0.0"],"definition":{"grouping":[{"name":"base"},{"id":"template-profile-spreadsheet.xml","name":"Template-basic"},{"id":"patient-on-usprofile-spreadsheet.xml","name":"/Users/ehaas/Documents/FHIR/IG-Template2/source/resources/patient-on-usprofile-spreadsheet"}],"resource":[{"extension":[{"url":"http://hl7.org/fhir/StructureDefinition/implementationguide-page","valueUri":"Patient-example.html"}],"reference":{"reference":"Patient/example"},"exampleBoolean":true},{"extension":[{"url":"http://hl7.org/fhir/StructureDefinition/implementationguide-page","valueUri":"StructureDefinition-extension-complex.html"}],"reference":{"reference":"StructureDefinition/extension-complex"},"exampleBoolean":false},{"extension":[{"url":"http://hl7.org/fhir/StructureDefinition/implementationguide-page","valueUri":"StructureDefinition-extension-blah.html"}],"reference":{"reference":"StructureDefinition/extension-blah"},"exampleBoolean":false},{"extension":[{"url":"http://hl7.org/fhir/StructureDefinition/implementationguide-page","valueUri":"StructureDefinition-ifr.html"}],"reference":{"reference":"StructureDefinition/ifr"},"exampleBoolean":false},{"extension":[{"url":"http://hl7.org/fhir/StructureDefinition/implementationguide-page","valueUri":"CapabilityStatement-server.html"}],"reference":{"reference":"CapabilityStatement/server"},"exampleBoolean":false},{"extension":[{"url":"http://hl7.org/fhir/StructureDefinition/implementationguide-page","valueUri":"CodeSystem-blah-codes.html"}],"reference":{"reference":"CodeSystem/blah-codes"},"exampleBoolean":false},{"extension":[{"url":"http://hl7.org/fhir/StructureDefinition/implementationguide-page","valueUri":"StructureDefinition-extension-blah2.html"}],"reference":{"reference":"StructureDefinition/extension-blah2"},"exampleBoolean":false},{"extension":[{"url":"http://hl7.org/fhir/StructureDefinition/implementationguide-page","valueUri":"CapabilityStatement-client.html"}],"reference":{"reference":"CapabilityStatement/client"},"exampleBoolean":false},{"extension":[{"url":"http://hl7.org/fhir/StructureDefinition/implementationguide-page","valueUri":"StructureDefinition-template-profile-on-profile.html"}],"reference":{"reference":"StructureDefinition/template-profile-on-profile"},"exampleBoolean":false},{"extension":[{"url":"http://hl7.org/fhir/StructureDefinition/implementationguide-page","valueUri":"StructureDefinition-template-basic.html"}],"reference":{"reference":"StructureDefinition/template-basic"},"exampleBoolean":false},{"extension":[{"url":"http://hl7.org/fhir/StructureDefinition/implementationguide-page","valueUri":"ValueSet-blah-codes.html"}],"reference":{"reference":"ValueSet/blah-codes"},"exampleBoolean":false},{"extension":[{"url":"http://hl7.org/fhir/StructureDefinition/implementationguide-page","valueUri":"StructureDefinition-extension-blah.html"}],"reference":{"reference":"StructureDefinition/extension-blah"},"name":"Example Extension","groupingId":"template-profile-spreadsheet.xml"},{"extension":[{"url":"http://hl7.org/fhir/StructureDefinition/implementationguide-page","valueUri":"StructureDefinition-extension-complex.html"}],"reference":{"reference":"StructureDefinition/extension-complex"},"name":"Complex Extension","groupingId":"template-profile-spreadsheet.xml"},{"extension":[{"url":"http://hl7.org/fhir/StructureDefinition/implementationguide-page","valueUri":"StructureDefinition-extension-blah2.html"}],"reference":{"reference":"StructureDefinition/extension-blah2"},"name":"Example Extension","groupingId":"template-profile-spreadsheet.xml"},{"extension":[{"url":"http://hl7.org/fhir/StructureDefinition/implementationguide-page","valueUri":"StructureDefinition-template-basic.html"}],"reference":{"reference":"StructureDefinition/template-basic"},"name":"template-basic","groupingId":"template-profile-spreadsheet.xml"},{"extension":[{"url":"http://hl7.org/fhir/StructureDefinition/implementationguide-page","valueUri":"StructureDefinition-template-profile-on-profile.html"}],"reference":{"reference":"StructureDefinition/template-profile-on-profile"},"name":"Template-Profile-on-Profile","groupingId":"patient-on-usprofile-spreadsheet.xml"}],"page":{"nameUrl":"index.html","title":"Home","generation":"markdown","page":[{"nameUrl":"guidance.html","title":"General Guidance","generation":"markdown"},{"nameUrl":"profiles.html","title":"Profiles and Extensions","generation":"markdown","page":[{"nameUrl":"StructureDefinition-ifr.html","title":"StructureDefinition Ifr","generation":"generated"},{"nameUrl":"StructureDefinition-template-profile-on-profile.html","title":"StructureDefinition Template Profile On Profile","generation":"generated"},{"nameUrl":"StructureDefinition-template-basic.html","title":"StructureDefinition Template Basic","generation":"generated"},{"nameUrl":"StructureDefinition-extension-complex.html","title":"StructureDefinition Extension Complex","generation":"generated"},{"nameUrl":"StructureDefinition-extension-blah.html","title":"StructureDefinition Extension Blah","generation":"generated"},{"nameUrl":"StructureDefinition-extension-blah2.html","title":"StructureDefinition Extension Blah2","generation":"generated"}]},{"nameUrl":"operations.html","title":"Operations","generation":"markdown"},{"nameUrl":"terminology.html","title":"Terminology","generation":"markdown","page":[{"nameUrl":"ValueSet-blah-codes.html","title":"ValueSet Blah Codes","generation":"generated"},{"nameUrl":"CodeSystem-blah-codes.html","title":"CodeSystem Blah Codes","generation":"generated"}]},{"nameUrl":"searchparameters.html","title":"Search Parameters","generation":"markdown"},{"nameUrl":"capstatements.html","title":"Capability Statements","generation":"markdown","page":[{"nameUrl":"CapabilityStatement-server.html","title":"CapabilityStatement Server","generation":"generated"},{"nameUrl":"CapabilityStatement-client.html","title":"CapabilityStatement Client","generation":"generated"}]},{"nameUrl":"security.html","title":"Security","generation":"markdown"},{"nameUrl":"downloads.html","title":"Downloads","generation":"markdown"},{"nameUrl":"all-examples.html","title":"All Examples","generation":"markdown"},{"nameUrl":"toc.html","title":"Table of Contents","generation":"html"}]}}}