{"resourceType":"SearchParameter","id":"searchparameter-qualification-code","text":{"status":"generated","div":"<div xmlns=\"http://www.w3.org/1999/xhtml\"><p><b>Generated Narrative with Details</b></p><p><b>url</b>: <a href=\"http://www.fhir.org/guides/test3/SearchParameter/searchparameter-qualification-code\">http://www.fhir.org/guides/test3/SearchParameter/searchparameter-qualification-code</a></p><p><b>version</b>: 0.0.0</p><p><b>name</b>: VHDir Qualification Code Search Parameter</p><p><b>status</b>: DRAFT</p><p><b>date</b>: May 23, 2018</p><p><b>publisher</b>: HL7 Patient Administration Committee</p><p><b>contact</b>: </p><p><b>description</b>: Select practitioners or practitioner role or organization with a type of qualification matching the specified code</p><p><b>url</b>: <a href=\"http://www.fhir.org/guides/test3/SearchParameter/searchparameter-qualification-code\">http://www.fhir.org/guides/test3/SearchParameter/searchparameter-qualification-code</a></p><p><b>version</b>: 0.0.0</p><p><b>name</b>: VHDir Qualification Code Search Parameter</p><p><b>status</b>: DRAFT</p><p><b>date</b>: May 23, 2018</p><p><b>publisher</b>: HL7 Patient Administration Committee</p><p><b>contact</b>: </p><p><b>description</b>: Select practitioners or practitioner role or organization with a type of qualification matching the specified code</p><p><b>code</b>: qualification-code</p><p><b>base</b>: Practitioner, Organization, PractitionerRole</p><p><b>type</b>: TOKEN</p><p><b>expression</b>: Practitioner.qualification.code|Organization.extension('http://hl7.org/fhir/ig/vhdir/StructureDefinition/qualification').extension('code')|PractitionerRole.extension('http://hl7.org/fhir/ig/vhdir/StructureDefinition/qualification').extension('code')</p></div>"},"url":"http://www.fhir.org/guides/test3/SearchParameter/searchparameter-qualification-code","version":"0.0.0","name":"VHDir Qualification Code Search Parameter","status":"draft","date":"2018-05-23","publisher":"HL7 Patient Administration Committee","contact":[{"telecom":[{"system":"url","value":"http://www.hl7.org/Special/committees/pafm/index.cfm"}]}],"description":"Select practitioners or practitioner role or organization with a type of qualification matching the specified code","code":"qualification-code","base":["Practitioner","Organization","PractitionerRole"],"type":"token","expression":"Practitioner.qualification.code|Organization.extension('http://hl7.org/fhir/ig/vhdir/StructureDefinition/qualification').extension('code')|PractitionerRole.extension('http://hl7.org/fhir/ig/vhdir/StructureDefinition/qualification').extension('code')"}