{"resourceType":"StructureDefinition","id":"template-basic","text":{"status":"generated","div":"<div xmlns=\"http://www.w3.org/1999/xhtml\"><table border=\"0\" cellpadding=\"0\" cellspacing=\"0\" style=\"border: 0px #F0F0F0 solid; font-size: 11px; font-family: verdana; vertical-align: top;\"><tr style=\"border: 1px #F0F0F0 solid; font-size: 11px; font-family: verdana; vertical-align: top;\"><th style=\"vertical-align: top; text-align : left; background-color: white; border: 0px #F0F0F0 solid; padding:0px 4px 0px 4px\" class=\"hierarchy\"><a href=\"http://hl7.org/fhir/STU3/formats.html#table\" title=\"The logical name of the element\">Name</a></th><th style=\"vertical-align: top; text-align : left; background-color: white; border: 0px #F0F0F0 solid; padding:0px 4px 0px 4px\" class=\"hierarchy\"><a href=\"http://hl7.org/fhir/STU3/formats.html#table\" title=\"Information about the use of the element\">Flags</a></th><th style=\"vertical-align: top; text-align : left; background-color: white; border: 0px #F0F0F0 solid; padding:0px 4px 0px 4px\" class=\"hierarchy\"><a href=\"http://hl7.org/fhir/STU3/formats.html#table\" title=\"Minimum and Maximum # of times the the element can appear in the instance\">Card.</a></th><th style=\"width: 100px\" class=\"hierarchy\"><a href=\"http://hl7.org/fhir/STU3/formats.html#table\" title=\"Reference to the type of the element\">Type</a></th><th style=\"vertical-align: top; text-align : left; background-color: white; border: 0px #F0F0F0 solid; padding:0px 4px 0px 4px\" class=\"hierarchy\"><a href=\"http://hl7.org/fhir/STU3/formats.html#table\" title=\"Additional information about the element\">Description &amp; Constraints</a><span style=\"float: right\"><a href=\"http://hl7.org/fhir/STU3/formats.html#table\" title=\"Legend for this format\"><img src=\"http://hl7.org/fhir/STU3/help16.png\" alt=\"doco\" style=\"background-color: inherit\"/></a></span></th></tr><tr style=\"border: 0px #F0F0F0 solid; padding:0px; vertical-align: top; background-color: white;\"><td style=\"vertical-align: top; text-align : left; background-color: white; border: 0px #F0F0F0 solid; padding:0px 4px 0px 4px; white-space: nowrap; background-image: url(tbl_bck1.png)\" class=\"hierarchy\"><img src=\"tbl_spacer.png\" alt=\".\" style=\"background-color: inherit\" class=\"hierarchy\"/><img src=\"icon_element.gif\" alt=\".\" style=\"background-color: white; background-color: inherit\" title=\"Element\" class=\"hierarchy\"/> <a href=\"StructureDefinition-template-basic-definitions.html#Basic\" title=\"This is a simple example Template.\">Basic</a><a name=\"Basic\"> </a></td><td style=\"vertical-align: top; text-align : left; background-color: white; border: 0px #F0F0F0 solid; padding:0px 4px 0px 4px\" class=\"hierarchy\"><span style=\"padding-left: 3px; padding-right: 3px; color: black; background-color: white\" title=\"This element has or is affected by some invariants\">I</span></td><td style=\"vertical-align: top; text-align : left; background-color: white; border: 0px #F0F0F0 solid; padding:0px 4px 0px 4px\" class=\"hierarchy\"><span style=\"opacity: 0.4\">0</span><span style=\"opacity: 0.5\">..</span><span style=\"opacity: 0.4\">*</span></td><td style=\"vertical-align: top; text-align : left; background-color: white; border: 0px #F0F0F0 solid; padding:0px 4px 0px 4px\" class=\"hierarchy\"/><td style=\"vertical-align: top; text-align : left; background-color: white; border: 0px #F0F0F0 solid; padding:0px 4px 0px 4px\" class=\"hierarchy\"><span style=\"font-weight:bold\">temp-1: </span>Identifier SHALL be greater than 5 characters</td></tr>\r\n<tr style=\"border: 0px #F0F0F0 solid; padding:0px; vertical-align: top; background-color: white;\"><td style=\"vertical-align: top; text-align : left; background-color: white; border: 0px #F0F0F0 solid; padding:0px 4px 0px 4px; white-space: nowrap; background-image: url(tbl_bck14.png)\" class=\"hierarchy\"><img src=\"tbl_spacer.png\" alt=\".\" style=\"background-color: inherit\" class=\"hierarchy\"/><img src=\"tbl_vjoin.png\" alt=\".\" style=\"background-color: inherit\" class=\"hierarchy\"/><img src=\"icon_extension_simple.png\" alt=\".\" style=\"background-color: white; background-color: inherit\" title=\"Simple Extension\" class=\"hierarchy\"/> <a href=\"StructureDefinition-template-basic-definitions.html#Basic.extension:Simple_Extension\" title=\"Extension URL = http://www.fhir.org/guides/test3/StructureDefinition/extension-blah\">extension-blah</a><a name=\"Basic.extension\"> </a></td><td style=\"vertical-align: top; text-align : left; background-color: white; border: 0px #F0F0F0 solid; padding:0px 4px 0px 4px\" class=\"hierarchy\"><span style=\"padding-left: 3px; padding-right: 3px; color: white; background-color: red\" title=\"This element must be supported\">S</span></td><td style=\"vertical-align: top; text-align : left; background-color: white; border: 0px #F0F0F0 solid; padding:0px 4px 0px 4px\" class=\"hierarchy\"><span style=\"opacity: 0.4\">0</span><span style=\"opacity: 0.5\">..</span><span style=\"opacity: 0.4\">*</span></td><td style=\"vertical-align: top; text-align : left; background-color: white; border: 0px #F0F0F0 solid; padding:0px 4px 0px 4px\" class=\"hierarchy\"><a href=\"http://hl7.org/fhir/STU3/datatypes.html#code\">code</a></td><td style=\"vertical-align: top; text-align : left; background-color: white; border: 0px #F0F0F0 solid; padding:0px 4px 0px 4px\" class=\"hierarchy\">Example extension<br/><span style=\"font-weight:bold\">URL: </span><a href=\"http://hl7.org/fhir/STU3/StructureDefinition-extension-blah.html\">http://www.fhir.org/guides/test3/StructureDefinition/extension-blah</a><br/><span style=\"font-weight:bold\">Binding: </span><a href=\"http://hl7.org/fhir/STU3/terminologies.html#unbound\">(unbound)</a> (<a href=\"http://hl7.org/fhir/STU3/terminologies.html#required\" title=\"To be conformant, the concept in this element SHALL be from the specified value set\">required</a>)</td></tr>\r\n<tr style=\"border: 0px #F0F0F0 solid; padding:0px; vertical-align: top; background-color: white;\"><td style=\"vertical-align: top; text-align : left; background-color: white; border: 0px #F0F0F0 solid; padding:0px 4px 0px 4px; white-space: nowrap; background-image: url(tbl_bck14.png)\" class=\"hierarchy\"><img src=\"tbl_spacer.png\" alt=\".\" style=\"background-color: inherit\" class=\"hierarchy\"/><img src=\"tbl_vjoin.png\" alt=\".\" style=\"background-color: inherit\" class=\"hierarchy\"/><img src=\"icon_extension_complex.png\" alt=\".\" style=\"background-color: white; background-color: inherit\" title=\"Complex Extension\" class=\"hierarchy\"/> <a href=\"StructureDefinition-template-basic-definitions.html#Basic.extension:Complex_Extension\" title=\"Extension URL = http://www.fhir.org/guides/test3/StructureDefinition/extension-complex\">extension-complex</a><a name=\"Basic.extension\"> </a></td><td style=\"vertical-align: top; text-align : left; background-color: white; border: 0px #F0F0F0 solid; padding:0px 4px 0px 4px\" class=\"hierarchy\"><span style=\"padding-left: 3px; padding-right: 3px; color: white; background-color: red\" title=\"This element must be supported\">S</span></td><td style=\"vertical-align: top; text-align : left; background-color: white; border: 0px #F0F0F0 solid; padding:0px 4px 0px 4px\" class=\"hierarchy\"><span style=\"opacity: 0.4\">0</span><span style=\"opacity: 0.5\">..</span><span style=\"opacity: 0.4\">*</span></td><td style=\"vertical-align: top; text-align : left; background-color: white; border: 0px #F0F0F0 solid; padding:0px 4px 0px 4px\" class=\"hierarchy\">(Complex)</td><td style=\"vertical-align: top; text-align : left; background-color: white; border: 0px #F0F0F0 solid; padding:0px 4px 0px 4px\" class=\"hierarchy\">Example complex extension<br/><span style=\"font-weight:bold\">URL: </span><a href=\"http://hl7.org/fhir/STU3/StructureDefinition-extension-complex.html\">http://www.fhir.org/guides/test3/StructureDefinition/extension-complex</a></td></tr>\r\n<tr style=\"border: 0px #F0F0F0 solid; padding:0px; vertical-align: top; background-color: white;\"><td style=\"vertical-align: top; text-align : left; background-color: white; border: 0px #F0F0F0 solid; padding:0px 4px 0px 4px; white-space: nowrap; background-image: url(tbl_bck10.png)\" class=\"hierarchy\"><img src=\"tbl_spacer.png\" alt=\".\" style=\"background-color: inherit\" class=\"hierarchy\"/><img src=\"tbl_vjoin.png\" alt=\".\" style=\"background-color: inherit\" class=\"hierarchy\"/><img src=\"icon_element.gif\" alt=\".\" style=\"background-color: white; background-color: inherit\" title=\"Element\" class=\"hierarchy\"/> <a href=\"StructureDefinition-template-basic-definitions.html#Basic.identifier\" title=\"null\">identifier</a><a name=\"Basic.identifier\"> </a></td><td style=\"vertical-align: top; text-align : left; background-color: white; border: 0px #F0F0F0 solid; padding:0px 4px 0px 4px\" class=\"hierarchy\"><span style=\"padding-left: 3px; padding-right: 3px; color: white; background-color: red\" title=\"This element must be supported\">S</span></td><td style=\"vertical-align: top; text-align : left; background-color: white; border: 0px #F0F0F0 solid; padding:0px 4px 0px 4px\" class=\"hierarchy\">1..1</td><td style=\"vertical-align: top; text-align : left; background-color: white; border: 0px #F0F0F0 solid; padding:0px 4px 0px 4px\" class=\"hierarchy\"><a style=\"opacity: 0.4\" href=\"http://hl7.org/fhir/STU3/datatypes.html#Identifier\">Identifier</a></td><td style=\"vertical-align: top; text-align : left; background-color: white; border: 0px #F0F0F0 solid; padding:0px 4px 0px 4px\" class=\"hierarchy\"/></tr>\r\n<tr style=\"border: 0px #F0F0F0 solid; padding:0px; vertical-align: top; background-color: white;\"><td style=\"vertical-align: top; text-align : left; background-color: white; border: 0px #F0F0F0 solid; padding:0px 4px 0px 4px; white-space: nowrap; background-image: url(tbl_bck10.png)\" class=\"hierarchy\"><img src=\"tbl_spacer.png\" alt=\".\" style=\"background-color: inherit\" class=\"hierarchy\"/><img src=\"tbl_vjoin.png\" alt=\".\" style=\"background-color: inherit\" class=\"hierarchy\"/><img src=\"icon_element.gif\" alt=\".\" style=\"background-color: white; background-color: inherit\" title=\"Element\" class=\"hierarchy\"/> <a href=\"StructureDefinition-template-basic-definitions.html#Basic.code\" title=\"null\">code</a><a name=\"Basic.code\"> </a></td><td style=\"vertical-align: top; text-align : left; background-color: white; border: 0px #F0F0F0 solid; padding:0px 4px 0px 4px\" class=\"hierarchy\"/><td style=\"vertical-align: top; text-align : left; background-color: white; border: 0px #F0F0F0 solid; padding:0px 4px 0px 4px\" class=\"hierarchy\"><span style=\"opacity: 0.4\">1</span><span style=\"opacity: 0.5\">..</span><span style=\"opacity: 0.4\">1</span></td><td style=\"vertical-align: top; text-align : left; background-color: white; border: 0px #F0F0F0 solid; padding:0px 4px 0px 4px\" class=\"hierarchy\"><a style=\"opacity: 0.4\" href=\"http://hl7.org/fhir/STU3/datatypes.html#CodeableConcept\">CodeableConcept</a></td><td style=\"vertical-align: top; text-align : left; background-color: white; border: 0px #F0F0F0 solid; padding:0px 4px 0px 4px\" class=\"hierarchy\"><span style=\"font-weight:bold\">Binding: </span><a href=\"http://hl7.org/fhir/STU3/terminologies.html#unbound\">(unbound)</a> (<a href=\"http://hl7.org/fhir/STU3/terminologies.html#required\" title=\"To be conformant, the concept in this element SHALL be from the specified value set\">required</a>)</td></tr>\r\n<tr style=\"border: 0px #F0F0F0 solid; padding:0px; vertical-align: top; background-color: white;\"><td style=\"vertical-align: top; text-align : left; background-color: white; border: 0px #F0F0F0 solid; padding:0px 4px 0px 4px; white-space: nowrap; background-image: url(tbl_bck00.png)\" class=\"hierarchy\"><img src=\"tbl_spacer.png\" alt=\".\" style=\"background-color: inherit\" class=\"hierarchy\"/><img src=\"tbl_vjoin_end.png\" alt=\".\" style=\"background-color: inherit\" class=\"hierarchy\"/><img src=\"icon_reference.png\" alt=\".\" style=\"background-color: white; background-color: inherit\" title=\"Reference to another Resource\" class=\"hierarchy\"/> <a href=\"StructureDefinition-template-basic-definitions.html#Basic.subject\" title=\"null\">subject</a><a name=\"Basic.subject\"> </a></td><td style=\"vertical-align: top; text-align : left; background-color: white; border: 0px #F0F0F0 solid; padding:0px 4px 0px 4px\" class=\"hierarchy\"><span style=\"padding-left: 3px; padding-right: 3px; color: white; background-color: red\" title=\"This element must be supported\">S</span></td><td style=\"vertical-align: top; text-align : left; background-color: white; border: 0px #F0F0F0 solid; padding:0px 4px 0px 4px\" class=\"hierarchy\">1..1</td><td style=\"vertical-align: top; text-align : left; background-color: white; border: 0px #F0F0F0 solid; padding:0px 4px 0px 4px\" class=\"hierarchy\"><a href=\"http://hl7.org/fhir/STU3/references.html\">Reference</a>(<a href=\"http://hl7.org/fhir/us/core/StructureDefinition-us-core-patient.html\">US Core Patient Profile</a>)</td><td style=\"vertical-align: top; text-align : left; background-color: white; border: 0px #F0F0F0 solid; padding:0px 4px 0px 4px\" class=\"hierarchy\"/></tr>\r\n<tr><td colspan=\"5\" class=\"hierarchy\"><br/><a href=\"http://hl7.org/fhir/STU3/formats.html#table\" title=\"Legend for this format\"><img src=\"http://hl7.org/fhir/STU3/help16.png\" alt=\"doco\" style=\"background-color: inherit\"/> Documentation for this format</a></td></tr></table></div>"},"url":"http://www.fhir.org/guides/test3/StructureDefinition/template-basic","version":"0.0.0","name":"Profile template-basic","status":"active","date":"2017-02-15","jurisdiction":[{"coding":[{"system":"urn:iso:std:iso:3166","code":"US","display":"United States of America"}]}],"fhirVersion":"3.4.0","mapping":[{"identity":"rim","uri":"http://hl7.org/v3","name":"RIM Mapping"},{"identity":"w5","uri":"http://hl7.org/fhir/fivews","name":"FiveWs Pattern"}],"kind":"resource","abstract":false,"type":"Basic","baseDefinition":"http://hl7.org/fhir/StructureDefinition/Basic","derivation":"constraint","snapshot":{"element":[{"id":"Basic","path":"Basic","short":"Resource for non-supported content","definition":"This is a simple example Template.","alias":["Z-resource","Extension-resource","Custom-resource"],"min":0,"max":"*","base":{"path":"Basic","min":0,"max":"*"},"constraint":[{"key":"dom-2","severity":"error","human":"If the resource is contained in another resource, it SHALL NOT contain nested Resources","expression":"contained.contained.empty()","xpath":"not(parent::f:contained and f:contained)","source":"DomainResource"},{"key":"dom-1","severity":"error","human":"If the resource is contained in another resource, it SHALL NOT contain any narrative","expression":"contained.text.empty()","xpath":"not(parent::f:contained and f:text)","source":"DomainResource"},{"key":"dom-4","severity":"error","human":"If a resource is contained in another resource, it SHALL NOT have a meta.versionId or a meta.lastUpdated","expression":"contained.meta.versionId.empty() and contained.meta.lastUpdated.empty()","xpath":"not(exists(f:contained/*/f:meta/f:versionId)) and not(exists(f:contained/*/f:meta/f:lastUpdated))","source":"DomainResource"},{"key":"dom-3","severity":"error","human":"If the resource is contained in another resource, it SHALL be referred to from elsewhere in the resource or SHALL refer to the containing resource","expression":"contained.where(((\'#\'+id in (%resource.descendants().reference | %resource.descendants().as(canonical))) or descendants().where(reference = \'#\').exists() or descendants().where(as(canonical) = \'#\').exists()).not()).trace(\'unmatched\', id).empty()","xpath":"not(exists(for $contained in f:contained return $contained[not(parent::*/descendant::f:reference/@value=concat(\'#\', $contained/*/id/@value) or descendant::f:reference[@value=\'#\'])]))","source":"DomainResource"},{"extension":[{"url":"http://hl7.org/fhir/StructureDefinition/elementdefinition-bestpractice","valueBoolean":true},{"url":"http://hl7.org/fhir/StructureDefinition/elementdefinition-bestpractice-explanation","valueMarkdown":"When a resource has no narrative, only systems that fully understand the data can display the resource to a human safely. Including a guman readable representation in the resource makes for a much more robust eco-system and cheaper handling of resources by intermediary systems. Some ecosystems restrict distribution of resources to only those systems that do fully understand the resources, and as a consequence implementers may believe that the narrative is superfluous. However experience shows that such eco-systems often open up to new participants over time."}],"key":"dom-6","severity":"warning","human":"A resource should have narrative for robust management","expression":"text.div.exists()","xpath":"exists(f:text/h:div)","source":"DomainResource"},{"key":"dom-5","severity":"error","human":"If a resource is contained in another resource, it SHALL NOT have a security label","expression":"contained.meta.security.empty()","xpath":"not(exists(f:contained/*/f:meta/f:security))","source":"DomainResource"},{"key":"temp-1","severity":"error","human":"Identifier SHALL be greater than 5 characters","expression":"Identifier.value.length()>5","xpath":"f:Identifier/f:value/string-length(@value)>5"}],"mustSupport":false,"isModifier":false,"isSummary":false,"mapping":[{"identity":"rim","map":"Entity. Role, or Act"},{"identity":"rim","map":"Act, Entity or Role"}]},{"id":"Basic.id","path":"Basic.id","short":"Logical id of this artifact","definition":"The logical id of the resource, as used in the URL for the resource. Once assigned, this value never changes.","comment":"The only time that a resource does not have an id is when it is being submitted to the server using a create operation.","min":0,"max":"1","base":{"path":"Resource.id","min":0,"max":"1"},"type":[{"code":"id"}],"isModifier":false,"isSummary":true},{"id":"Basic.meta","path":"Basic.meta","short":"Metadata about the resource","definition":"The metadata about the resource. This is content that is maintained by the infrastructure. Changes to the content might not always be associated with version changes to the resource.","min":0,"max":"1","base":{"path":"Resource.meta","min":0,"max":"1"},"type":[{"code":"Meta"}],"isModifier":false,"isSummary":true},{"id":"Basic.implicitRules","path":"Basic.implicitRules","short":"A set of rules under which this content was created","definition":"A reference to a set of rules that were followed when the resource was constructed, and which must be understood when processing the content. Often, this is a reference to an implementation guide that defines the special rules along with other profiles etc.","comment":"Asserting this rule set restricts the content to be only understood by a limited set of trading partners. This inherently limits the usefulness of the data in the long term. However, the existing health eco-system is highly fractured, and not yet ready to define, collect, and exchange data in a generally computable sense. Wherever possible, implementers and/or specification writers should avoid using this element. Often, when used, the URL is a reference to an implementation guide that defines these special rules as part of it\'s narrative along with other profiles, value sets, etc.","min":0,"max":"1","base":{"path":"Resource.implicitRules","min":0,"max":"1"},"type":[{"code":"uri"}],"isModifier":true,"isModifierReason":"This element is labeled as a modifier because the implicit rules may provide additional knowledge about the resource that modifies it\'s meaning or interpretation","isSummary":true},{"id":"Basic.language","path":"Basic.language","short":"Language of the resource content","definition":"The base language in which the resource is written.","comment":"Language is provided to support indexing and accessibility (typically, services such as text to speech use the language tag). The html language tag in the narrative applies  to the narrative. The language tag on the resource may be used to specify the language of other presentations generated from the data in the resource. Not all the content has to be in the base language. The Resource.language should not be assumed to apply to the narrative automatically. If a language is specified, it should it also be specified on the div element in the html (see rules in HTML5 for information about the relationship between xml:lang and the html lang attribute).","min":0,"max":"1","base":{"path":"Resource.language","min":0,"max":"1"},"type":[{"code":"code"}],"isModifier":false,"isSummary":false,"binding":{"extension":[{"url":"http://hl7.org/fhir/StructureDefinition/elementdefinition-maxValueSet","valueReference":{"reference":"http://hl7.org/fhir/ValueSet/all-languages"}},{"url":"http://hl7.org/fhir/StructureDefinition/elementdefinition-bindingName","valueString":"Language"},{"url":"http://hl7.org/fhir/StructureDefinition/elementdefinition-isCommonBinding","valueBoolean":true}],"strength":"extensible","description":"A human language.","valueSet":"http://hl7.org/fhir/ValueSet/languages"}},{"id":"Basic.text","path":"Basic.text","short":"Text summary of the resource, for human interpretation","definition":"A human-readable narrative that contains a summary of the resource and can be used to represent the content of the resource to a human. The narrative need not encode all the structured data, but is required to contain sufficient detail to make it \"clinically safe\" for a human to just read the narrative. Resource definitions may define what content should be represented in the narrative to ensure clinical safety.","comment":"Contained resources do not have narrative. Resources that are not contained SHOULD have a narrative. In some cases, a resource may only have text with little or no additional discrete data (as long as all minOccurs=1 elements are satisfied).  This may be necessary for data from legacy systems where information is captured as a \"text blob\" or where text is additionally entered raw or narrated and encoded in formation is added later.","alias":["narrative","html","xhtml","display"],"min":0,"max":"1","base":{"path":"DomainResource.text","min":0,"max":"1"},"type":[{"code":"Narrative"}],"condition":["dom-1"],"isModifier":false,"isSummary":false,"mapping":[{"identity":"rim","map":"Act.text?"}]},{"id":"Basic.contained","path":"Basic.contained","short":"Contained, inline Resources","definition":"These resources do not have an independent existence apart from the resource that contains them - they cannot be identified independently, and nor can they have their own independent transaction scope.","comment":"This should never be done when the content can be identified properly, as once identification is lost, it is extremely difficult (and context dependent) to restore it again. Contained resources may have profiles and tags In their meta elements, but SHALL not have security labels.","alias":["inline resources","anonymous resources","contained resources"],"min":0,"max":"*","base":{"path":"DomainResource.contained","min":0,"max":"*"},"type":[{"code":"Resource"}],"isModifier":false,"isSummary":false,"mapping":[{"identity":"rim","map":"N/A"}]},{"id":"Basic.extension","path":"Basic.extension","slicing":{"discriminator":[{"type":"value","path":"url"}],"rules":"open"},"short":"Extension","definition":"An Extension","min":0,"max":"*","base":{"path":"DomainResource.extension","min":0,"max":"*"},"type":[{"code":"Extension"}],"isModifier":false,"isSummary":false},{"id":"Basic.extension:Simple_Extension","path":"Basic.extension","sliceName":"Simple_Extension","short":"Example extension","definition":"This is a simple extension applied to a Profile.","min":0,"max":"*","base":{"path":"DomainResource.extension","min":0,"max":"*"},"type":[{"code":"Extension","profile":["http://www.fhir.org/guides/test3/StructureDefinition/extension-blah"]}],"mustSupport":true,"isModifier":false,"isSummary":false},{"id":"Basic.extension:Complex_Extension","path":"Basic.extension","sliceName":"Complex_Extension","short":"Example complex extension","definition":"This is a complex extension applied to a Profile.","min":0,"max":"*","base":{"path":"DomainResource.extension","min":0,"max":"*"},"type":[{"code":"Extension","profile":["http://www.fhir.org/guides/test3/StructureDefinition/extension-complex"]}],"mustSupport":true,"isModifier":false,"isSummary":false},{"id":"Basic.modifierExtension","path":"Basic.modifierExtension","short":"Extensions that cannot be ignored","definition":"May be used to represent additional information that is not part of the basic definition of the resource, and that modifies the understanding of the element that contains it. Usually modifier elements provide negation or qualification. To make the use of extensions safe and manageable, there is a strict set of governance applied to the definition and use of extensions. Though any implementer is allowed to define an extension, there is a set of requirements that SHALL be met as part of the definition of the extension. Applications processing a resource are required to check for modifier extensions.","comment":"There can be no stigma associated with the use of extensions by any application, project, or standard - regardless of the institution or jurisdiction that uses or defines the extensions.  The use of extensions is what allows the FHIR specification to retain a core level of simplicity for everyone.","alias":["extensions","user content"],"min":0,"max":"*","base":{"path":"DomainResource.modifierExtension","min":0,"max":"*"},"type":[{"code":"Extension"}],"isModifier":true,"isModifierReason":"Not known why this is labelled a modifier","isSummary":false,"mapping":[{"identity":"rim","map":"N/A"}]},{"id":"Basic.identifier","path":"Basic.identifier","short":"Business identifier","definition":"Identifier assigned to the resource for business purposes, outside the context of FHIR.","min":1,"max":"1","base":{"path":"Basic.identifier","min":0,"max":"*"},"type":[{"code":"Identifier"}],"mustSupport":true,"isModifier":false,"isSummary":true,"mapping":[{"identity":"w5","map":"FiveWs.identifier"},{"identity":"rim","map":"./identifier"}]},{"id":"Basic.code","path":"Basic.code","short":"Kind of Resource","definition":"Identifies the \'type\' of resource - equivalent to the resource name for other resources.","comment":"Because resource references will only be able to indicate \'Basic\', the type of reference will need to be specified in a Profile identified as part of the resource.  Refer to the resource notes section for information on appropriate terminologies for this code.\n\nThis element is labeled as a modifier because it defines the meaning of the resource and cannot be ignored.","requirements":"Must be able to distinguish different types of Basic resources.","min":1,"max":"1","base":{"path":"Basic.code","min":1,"max":"1"},"type":[{"code":"CodeableConcept"}],"mustSupport":false,"isModifier":true,"isModifierReason":"This element determines what kind of resource is being represented which drives the meaning of all of the other elements.","isSummary":true,"binding":{"extension":[{"url":"http://hl7.org/fhir/StructureDefinition/elementdefinition-maxValueSet","valueUri":"http://hl7.org/fhir/ValueSet/basic-resource-type"},{"url":"http://hl7.org/fhir/StructureDefinition/elementdefinition-minValueSet","valueUri":"http://www.fhir.org/guides/test3/StructureDefinition/minvs"}],"strength":"required"},"mapping":[{"identity":"w5","map":"FiveWs.what[x]"},{"identity":"rim","map":"./code"}]},{"id":"Basic.subject","path":"Basic.subject","short":"Identifies the focus of this resource","definition":"Identifies the patient, practitioner, device or any other resource that is the \"focus\" of this resource.","comment":"Optional as not all potential resources will have subjects.  Resources associated with multiple subjects can handle this via extension.","requirements":"Needed for partitioning the resource by Patient.","min":1,"max":"1","base":{"path":"Basic.subject","min":0,"max":"1"},"type":[{"code":"Reference","targetProfile":["http://hl7.org/fhir/us/core/StructureDefinition/us-core-patient"]}],"mustSupport":true,"isModifier":false,"isSummary":true,"mapping":[{"identity":"w5","map":"FiveWs.subject[x]"},{"identity":"rim","map":"./participation[typeCode=\'SBJ\'] (possibly through a ControlAct and Role)"},{"identity":"w5","map":"FiveWs.subject"}]},{"id":"Basic.created","path":"Basic.created","short":"When created","definition":"Identifies when the resource was first created.","requirements":"Allows ordering resource instances by time.","min":0,"max":"1","base":{"path":"Basic.created","min":0,"max":"1"},"type":[{"code":"date"}],"isModifier":false,"isSummary":true,"mapping":[{"identity":"w5","map":"FiveWs.recorded"},{"identity":"rim","map":"./participation[typeCode=\'AUT\']/time (possibly through a ControlAct and Role)"}]},{"id":"Basic.author","path":"Basic.author","short":"Who created","definition":"Indicates who was responsible for creating the resource instance.","requirements":"Needed for partitioning the resource.","min":0,"max":"1","base":{"path":"Basic.author","min":0,"max":"1"},"type":[{"code":"Reference","targetProfile":["http://hl7.org/fhir/StructureDefinition/Practitioner","http://hl7.org/fhir/StructureDefinition/Patient","http://hl7.org/fhir/StructureDefinition/RelatedPerson"]}],"isModifier":false,"isSummary":true,"mapping":[{"identity":"w5","map":"FiveWs.author"},{"identity":"rim","map":"./participation[typeCode=\'SUB\'] (possibly through a ControlAct and Role)"}]}]},"differential":{"element":[{"id":"Basic","path":"Basic","definition":"This is a simple example Template.","constraint":[{"key":"temp-1","severity":"error","human":"Identifier SHALL be greater than 5 characters","expression":"Identifier.value.length()>5","xpath":"f:Identifier/f:value/string-length(@value)>5"}],"mustSupport":false,"isModifier":false},{"id":"Basic.extension","path":"Basic.extension","slicing":{"discriminator":[{"type":"value","path":"url"}],"rules":"open"}},{"id":"Basic.extension:Simple_Extension","path":"Basic.extension","sliceName":"Simple_Extension","short":"Example extension","definition":"This is a simple extension applied to a Profile.","type":[{"code":"Extension","profile":["http://www.fhir.org/guides/test3/StructureDefinition/extension-blah"]}],"mustSupport":true},{"id":"Basic.extension:Complex_Extension","path":"Basic.extension","sliceName":"Complex_Extension","short":"Example complex extension","definition":"This is a complex extension applied to a Profile.","type":[{"code":"Extension","profile":["http://www.fhir.org/guides/test3/StructureDefinition/extension-complex"]}],"mustSupport":true},{"id":"Basic.identifier","path":"Basic.identifier","min":1,"max":"1","mustSupport":true,"isModifier":false},{"id":"Basic.code","path":"Basic.code","min":1,"max":"1","mustSupport":false,"isModifier":false,"binding":{"extension":[{"url":"http://hl7.org/fhir/StructureDefinition/elementdefinition-maxValueSet","valueUri":"http://hl7.org/fhir/ValueSet/basic-resource-type"},{"url":"http://hl7.org/fhir/StructureDefinition/elementdefinition-minValueSet","valueUri":"http://www.fhir.org/guides/test3/StructureDefinition/minvs"}],"strength":"required"}},{"id":"Basic.subject","path":"Basic.subject","min":1,"type":[{"code":"Reference","targetProfile":["http://hl7.org/fhir/us/core/StructureDefinition/us-core-patient"]}],"mustSupport":true,"isModifier":false}]}}