{"resourceType":"StructureDefinition","id":"omh-heart-rate","text":{"status":"generated","div":"<div xmlns=\"http://www.w3.org/1999/xhtml\"><table border=\"0\" cellpadding=\"0\" cellspacing=\"0\" style=\"border: 0px #F0F0F0 solid; font-size: 11px; font-family: verdana; vertical-align: top;\"><tr style=\"border: 1px #F0F0F0 solid; font-size: 11px; font-family: verdana; vertical-align: top;\"><th style=\"vertical-align: top; text-align : left; background-color: white; border: 0px #F0F0F0 solid; padding:0px 4px 0px 4px\" class=\"hierarchy\"><a href=\"http://hl7.org/fhir/STU3/formats.html#table\" title=\"The logical name of the element\">Name</a></th><th style=\"vertical-align: top; text-align : left; background-color: white; border: 0px #F0F0F0 solid; padding:0px 4px 0px 4px\" class=\"hierarchy\"><a href=\"http://hl7.org/fhir/STU3/formats.html#table\" title=\"Information about the use of the element\">Flags</a></th><th style=\"vertical-align: top; text-align : left; background-color: white; border: 0px #F0F0F0 solid; padding:0px 4px 0px 4px\" class=\"hierarchy\"><a href=\"http://hl7.org/fhir/STU3/formats.html#table\" title=\"Minimum and Maximum # of times the the element can appear in the instance\">Card.</a></th><th style=\"width: 100px\" class=\"hierarchy\"><a href=\"http://hl7.org/fhir/STU3/formats.html#table\" title=\"Reference to the type of the element\">Type</a></th><th style=\"vertical-align: top; text-align : left; background-color: white; border: 0px #F0F0F0 solid; padding:0px 4px 0px 4px\" class=\"hierarchy\"><a href=\"http://hl7.org/fhir/STU3/formats.html#table\" title=\"Additional information about the element\">Description &amp; Constraints</a><span style=\"float: right\"><a href=\"http://hl7.org/fhir/STU3/formats.html#table\" title=\"Legend for this format\"><img src=\"http://hl7.org/fhir/STU3/help16.png\" alt=\"doco\" style=\"background-color: inherit\"/></a></span></th></tr><tr style=\"border: 0px #F0F0F0 solid; padding:0px; vertical-align: top; background-color: white;\"><td style=\"vertical-align: top; text-align : left; background-color: white; border: 0px #F0F0F0 solid; padding:0px 4px 0px 4px; white-space: nowrap; background-image: url(tbl_bck1.png)\" class=\"hierarchy\"><img src=\"tbl_spacer.png\" alt=\".\" style=\"background-color: inherit\" class=\"hierarchy\"/><img src=\"icon_element.gif\" alt=\".\" style=\"background-color: white; background-color: inherit\" title=\"Element\" class=\"hierarchy\"/> <a href=\"StructureDefinition-omh-heart-rate-definitions.html#OmhHeartRate\" title=\"The SNOMED code represents Pulse rate (observable entity),  reference: http://purl.bioontology.org/ontology/SNOMEDCT/78564009.\">OmhHeartRate</a><a name=\"OmhHeartRate\"> </a></td><td style=\"vertical-align: top; text-align : left; background-color: white; border: 0px #F0F0F0 solid; padding:0px 4px 0px 4px\" class=\"hierarchy\"/><td style=\"vertical-align: top; text-align : left; background-color: white; border: 0px #F0F0F0 solid; padding:0px 4px 0px 4px\" class=\"hierarchy\"/><td style=\"vertical-align: top; text-align : left; background-color: white; border: 0px #F0F0F0 solid; padding:0px 4px 0px 4px\" class=\"hierarchy\"/><td style=\"vertical-align: top; text-align : left; background-color: white; border: 0px #F0F0F0 solid; padding:0px 4px 0px 4px\" class=\"hierarchy\"/></tr>\r\n<tr style=\"border: 0px #F0F0F0 solid; padding:0px; vertical-align: top; background-color: white;\"><td style=\"vertical-align: top; text-align : left; background-color: white; border: 0px #F0F0F0 solid; padding:0px 4px 0px 4px; white-space: nowrap; background-image: url(tbl_bck10.png)\" class=\"hierarchy\"><img src=\"tbl_spacer.png\" alt=\".\" style=\"background-color: inherit\" class=\"hierarchy\"/><img src=\"tbl_vjoin.png\" alt=\".\" style=\"background-color: inherit\" class=\"hierarchy\"/><img src=\"icon_resource.png\" alt=\".\" style=\"background-color: white; background-color: inherit\" title=\"Resource\" class=\"hierarchy\"/> <a href=\"StructureDefinition-omh-heart-rate-definitions.html#OmhHeartRate.omhHeader\" title=\"The header property represents the header of a data transaction\">omhHeader</a><a name=\"OmhHeartRate.omhHeader\"> </a></td><td style=\"vertical-align: top; text-align : left; background-color: white; border: 0px #F0F0F0 solid; padding:0px 4px 0px 4px\" class=\"hierarchy\"/><td style=\"vertical-align: top; text-align : left; background-color: white; border: 0px #F0F0F0 solid; padding:0px 4px 0px 4px\" class=\"hierarchy\">1..1</td><td style=\"vertical-align: top; text-align : left; background-color: white; border: 0px #F0F0F0 solid; padding:0px 4px 0px 4px\" class=\"hierarchy\"><a href=\"StructureDefinition-omh-header.html\" title=\"StructureDefinition\">OMHHeader</a></td><td style=\"vertical-align: top; text-align : left; background-color: white; border: 0px #F0F0F0 solid; padding:0px 4px 0px 4px\" class=\"hierarchy\"/></tr>\r\n<tr style=\"border: 0px #F0F0F0 solid; padding:0px; vertical-align: top; background-color: white;\"><td style=\"vertical-align: top; text-align : left; background-color: white; border: 0px #F0F0F0 solid; padding:0px 4px 0px 4px; white-space: nowrap; background-image: url(tbl_bck10.png)\" class=\"hierarchy\"><img src=\"tbl_spacer.png\" alt=\".\" style=\"background-color: inherit\" class=\"hierarchy\"/><img src=\"tbl_vjoin.png\" alt=\".\" style=\"background-color: inherit\" class=\"hierarchy\"/><img src=\"icon_datatype.gif\" alt=\".\" style=\"background-color: white; background-color: inherit\" title=\"Data Type\" class=\"hierarchy\"/> <a href=\"StructureDefinition-omh-heart-rate-definitions.html#OmhHeartRate.valueUnit\" title=\"A numerical value with a unit of measure.\">valueUnit</a><a name=\"OmhHeartRate.valueUnit\"> </a></td><td style=\"vertical-align: top; text-align : left; background-color: white; border: 0px #F0F0F0 solid; padding:0px 4px 0px 4px\" class=\"hierarchy\"/><td style=\"vertical-align: top; text-align : left; background-color: white; border: 0px #F0F0F0 solid; padding:0px 4px 0px 4px\" class=\"hierarchy\">1..1</td><td style=\"vertical-align: top; text-align : left; background-color: white; border: 0px #F0F0F0 solid; padding:0px 4px 0px 4px\" class=\"hierarchy\"><a href=\"http://hl7.org/fhir/STU3/datatypes.html#Quantity\">Quantity</a></td><td style=\"vertical-align: top; text-align : left; background-color: white; border: 0px #F0F0F0 solid; padding:0px 4px 0px 4px\" class=\"hierarchy\"><span style=\"font-weight:bold\">Required Pattern: </span><span style=\"color: darkgreen\">{&quot;unit&quot;:&quot;beats/min&quot;,&quot;system&quot;:&quot;http://unitsofmeasure.org&quot;,&quot;code&quot;:&quot;/min&quot;}</span></td></tr>\r\n<tr style=\"border: 0px #F0F0F0 solid; padding:0px; vertical-align: top; background-color: white;\"><td style=\"vertical-align: top; text-align : left; background-color: white; border: 0px #F0F0F0 solid; padding:0px 4px 0px 4px; white-space: nowrap; background-image: url(tbl_bck10.png)\" class=\"hierarchy\"><img src=\"tbl_spacer.png\" alt=\".\" style=\"background-color: inherit\" class=\"hierarchy\"/><img src=\"tbl_vjoin.png\" alt=\".\" style=\"background-color: inherit\" class=\"hierarchy\"/><img src=\"icon_choice.gif\" alt=\".\" style=\"background-color: white; background-color: inherit\" title=\"Choice of Types\" class=\"hierarchy\"/> <a href=\"StructureDefinition-omh-heart-rate-definitions.html#OmhHeartRate.effectiveTimeFrame\" title=\"A time frame as a point in time or a time interval.\">effectiveTimeFrame</a><a name=\"OmhHeartRate.effectiveTimeFrame\"> </a></td><td style=\"vertical-align: top; text-align : left; background-color: white; border: 0px #F0F0F0 solid; padding:0px 4px 0px 4px\" class=\"hierarchy\"/><td style=\"vertical-align: top; text-align : left; background-color: white; border: 0px #F0F0F0 solid; padding:0px 4px 0px 4px\" class=\"hierarchy\">0..1</td><td style=\"vertical-align: top; text-align : left; background-color: white; border: 0px #F0F0F0 solid; padding:0px 4px 0px 4px\" class=\"hierarchy\"><a href=\"http://hl7.org/fhir/STU3/datatypes.html#dateTime\">dateTime</a>, <a href=\"http://hl7.org/fhir/STU3/datatypes.html#Period\">Period</a></td><td style=\"vertical-align: top; text-align : left; background-color: white; border: 0px #F0F0F0 solid; padding:0px 4px 0px 4px\" class=\"hierarchy\"/></tr>\r\n<tr style=\"border: 0px #F0F0F0 solid; padding:0px; vertical-align: top; background-color: white;\"><td style=\"vertical-align: top; text-align : left; background-color: white; border: 0px #F0F0F0 solid; padding:0px 4px 0px 4px; white-space: nowrap; background-image: url(tbl_bck10.png)\" class=\"hierarchy\"><img src=\"tbl_spacer.png\" alt=\".\" style=\"background-color: inherit\" class=\"hierarchy\"/><img src=\"tbl_vjoin.png\" alt=\".\" style=\"background-color: inherit\" class=\"hierarchy\"/><img src=\"icon_primitive.png\" alt=\".\" style=\"background-color: white; background-color: inherit\" title=\"Primitive Data Type\" class=\"hierarchy\"/> <a href=\"StructureDefinition-omh-heart-rate-definitions.html#OmhHeartRate.descriptiveStatistic\" title=\"The descriptive statistic of a set of measurements.  E.g., average,count, etc.\">descriptiveStatistic</a><a name=\"OmhHeartRate.descriptiveStatistic\"> </a></td><td style=\"vertical-align: top; text-align : left; background-color: white; border: 0px #F0F0F0 solid; padding:0px 4px 0px 4px\" class=\"hierarchy\"/><td style=\"vertical-align: top; text-align : left; background-color: white; border: 0px #F0F0F0 solid; padding:0px 4px 0px 4px\" class=\"hierarchy\">0..1</td><td style=\"vertical-align: top; text-align : left; background-color: white; border: 0px #F0F0F0 solid; padding:0px 4px 0px 4px\" class=\"hierarchy\"><a href=\"http://hl7.org/fhir/STU3/datatypes.html#code\">code</a></td><td style=\"vertical-align: top; text-align : left; background-color: white; border: 0px #F0F0F0 solid; padding:0px 4px 0px 4px\" class=\"hierarchy\"><span style=\"font-weight:bold\">Binding: </span><a href=\"http://hl7.org/fhir/STU3/valueset-observation-statistics.html\">StatisticsCode</a> (<a href=\"http://hl7.org/fhir/STU3/terminologies.html#required\" title=\"To be conformant, the concept in this element SHALL be from the specified value set\">required</a>)</td></tr>\r\n<tr style=\"border: 0px #F0F0F0 solid; padding:0px; vertical-align: top; background-color: white;\"><td style=\"vertical-align: top; text-align : left; background-color: white; border: 0px #F0F0F0 solid; padding:0px 4px 0px 4px; white-space: nowrap; background-image: url(tbl_bck10.png)\" class=\"hierarchy\"><img src=\"tbl_spacer.png\" alt=\".\" style=\"background-color: inherit\" class=\"hierarchy\"/><img src=\"tbl_vjoin.png\" alt=\".\" style=\"background-color: inherit\" class=\"hierarchy\"/><img src=\"icon_primitive.png\" alt=\".\" style=\"background-color: white; background-color: inherit\" title=\"Primitive Data Type\" class=\"hierarchy\"/> <a href=\"StructureDefinition-omh-heart-rate-definitions.html#OmhHeartRate.temporalRelationshipToPhysicalActivity\" title=\"The temporal relationship of a clinical measure or assessment to physical activity.\">temporalRelationshipToPhysicalActivity</a><a name=\"OmhHeartRate.temporalRelationshipToPhysicalActivity\"> </a></td><td style=\"vertical-align: top; text-align : left; background-color: white; border: 0px #F0F0F0 solid; padding:0px 4px 0px 4px\" class=\"hierarchy\"/><td style=\"vertical-align: top; text-align : left; background-color: white; border: 0px #F0F0F0 solid; padding:0px 4px 0px 4px\" class=\"hierarchy\">0..1</td><td style=\"vertical-align: top; text-align : left; background-color: white; border: 0px #F0F0F0 solid; padding:0px 4px 0px 4px\" class=\"hierarchy\"><a href=\"http://hl7.org/fhir/STU3/datatypes.html#code\">code</a></td><td style=\"vertical-align: top; text-align : left; background-color: white; border: 0px #F0F0F0 solid; padding:0px 4px 0px 4px\" class=\"hierarchy\"><span style=\"font-weight:bold\">Binding: </span><a href=\"ValueSet-temporal-relationship-to-physical-activity.html\">temporal-relationship-to-physical-activity</a> (<a href=\"http://hl7.org/fhir/STU3/terminologies.html#required\" title=\"To be conformant, the concept in this element SHALL be from the specified value set\">required</a>)</td></tr>\r\n<tr style=\"border: 0px #F0F0F0 solid; padding:0px; vertical-align: top; background-color: white;\"><td style=\"vertical-align: top; text-align : left; background-color: white; border: 0px #F0F0F0 solid; padding:0px 4px 0px 4px; white-space: nowrap; background-image: url(tbl_bck00.png)\" class=\"hierarchy\"><img src=\"tbl_spacer.png\" alt=\".\" style=\"background-color: inherit\" class=\"hierarchy\"/><img src=\"tbl_vjoin_end.png\" alt=\".\" style=\"background-color: inherit\" class=\"hierarchy\"/><img src=\"icon_primitive.png\" alt=\".\" style=\"background-color: white; background-color: inherit\" title=\"Primitive Data Type\" class=\"hierarchy\"/> <a href=\"StructureDefinition-omh-heart-rate-definitions.html#OmhHeartRate.temporalRelationshipToSleep\" title=\"The temporal relationship of a clinical measure or assessment to sleep.\">temporalRelationshipToSleep</a><a name=\"OmhHeartRate.temporalRelationshipToSleep\"> </a></td><td style=\"vertical-align: top; text-align : left; background-color: white; border: 0px #F0F0F0 solid; padding:0px 4px 0px 4px\" class=\"hierarchy\"/><td style=\"vertical-align: top; text-align : left; background-color: white; border: 0px #F0F0F0 solid; padding:0px 4px 0px 4px\" class=\"hierarchy\">0..1</td><td style=\"vertical-align: top; text-align : left; background-color: white; border: 0px #F0F0F0 solid; padding:0px 4px 0px 4px\" class=\"hierarchy\"><a href=\"http://hl7.org/fhir/STU3/datatypes.html#code\">code</a></td><td style=\"vertical-align: top; text-align : left; background-color: white; border: 0px #F0F0F0 solid; padding:0px 4px 0px 4px\" class=\"hierarchy\"><span style=\"font-weight:bold\">Binding: </span><a href=\"ValueSet-temporal-relationship-to-sleep.html\">temporal-relationship-to-sleep</a> (<a href=\"http://hl7.org/fhir/STU3/terminologies.html#required\" title=\"To be conformant, the concept in this element SHALL be from the specified value set\">required</a>)</td></tr>\r\n<tr><td colspan=\"5\" class=\"hierarchy\"><br/><a href=\"http://hl7.org/fhir/STU3/formats.html#table\" title=\"Legend for this format\"><img src=\"http://hl7.org/fhir/STU3/help16.png\" alt=\"doco\" style=\"background-color: inherit\"/> Documentation for this format</a></td></tr></table></div>"},"url":"http://www.fhir.org/guides/mfhir/StructureDefinition/omh-heart-rate","version":"0.0.0","name":"OMHHeartRate","status":"draft","date":"2018-04-11T00:00:00-07:00","publisher":"Health eData Inc","description":"Open mHealth header represents a person's heart rate data point body element.  See [Open mHealth Schemas](http://www.openmhealth.org/documentation/#/schema-docs/schema-library).  The SNOMED code represents Pulse rate (observable entity) \"url\": \"http://purl.bioontology.org/ontology/SNOMEDCT/78564009\"","jurisdiction":[{"coding":[{"system":"urn:iso:std:iso:3166","code":"US","display":"United States of America"}]}],"fhirVersion":"3.0.1","mapping":[{"identity":"omh-schema","uri":"https://github.com/openmhealth/schemas/blob/master/schema/omh/heart-rate-1.1.json","name":"OMH Heart Rate Schema"},{"identity":"fhir-observation","uri":"http://hl7.org/fhir/STU3/observation.html","name":"FHIR Observation Profile"}],"kind":"logical","abstract":false,"type":"OmhHeartRate","baseDefinition":"http://hl7.org/fhir/StructureDefinition/Element","derivation":"specialization","snapshot":{"element":[{"id":"OmhHeartRate","path":"OmhHeartRate","definition":"The SNOMED code represents Pulse rate (observable entity),  reference: http://purl.bioontology.org/ontology/SNOMEDCT/78564009.","mustSupport":false,"isModifier":false,"mapping":[{"identity":"omh-schema","map":"OMH Step Count Schema"},{"identity":"fhir-observation","map":"Observation resource with Observation.code  = LOINC 55423-8 (Heart rate)"}]},{"id":"Element.id","path":"OmhHeartRate.id","representation":["xmlAttr"],"short":"xml:id (or equivalent in JSON)","definition":"unique id for the element within a resource (for internal references). This may be any string value that does not contain spaces.","min":0,"max":"1","type":[{"code":"string"}],"mapping":[{"identity":"rim","map":"n/a"}]},{"id":"Element.extension","path":"OmhHeartRate.extension","slicing":{"discriminator":[{"type":"value","path":"url"}],"description":"Extensions are always sliced by (at least) url","rules":"open"},"short":"Additional Content defined by implementations","definition":"May be used to represent additional information that is not part of the basic definition of the element. In order to make the use of extensions safe and manageable, there is a strict set of governance  applied to the definition and use of extensions. Though any implementer is allowed to define an extension, there is a set of requirements that SHALL be met as part of the definition of the extension.","comment":"There can be no stigma associated with the use of extensions by any application, project, or standard - regardless of the institution or jurisdiction that uses or defines the extensions.  The use of extensions is what allows the FHIR specification to retain a core level of simplicity for everyone.","alias":["extensions","user content"],"min":0,"max":"*","type":[{"code":"Extension"}],"mapping":[{"identity":"rim","map":"n/a"}]},{"id":"OmhHeartRate.omhHeader","path":"OmhHeartRate.omhHeader","definition":"The header property represents the header of a data transaction","min":1,"max":"1","type":[{"code":"StructureDefinition","profile":"http://www.fhir.org/guides/mfhir/StructureDefinition/omh-header"}],"mustSupport":false,"isModifier":false,"mapping":[{"identity":"omh-schema","map":"see OmhHeader Mapping tables"},{"identity":"fhir-observation","map":"see OmhHeader Mapping tables"}]},{"id":"OmhHeartRate.valueUnit","path":"OmhHeartRate.valueUnit","definition":"A numerical value with a unit of measure.","min":1,"max":"1","type":[{"code":"Quantity"}],"patternQuantity":{"unit":"beats/min","system":"http://unitsofmeasure.org","code":"/min"},"mustSupport":false,"isModifier":false,"mapping":[{"identity":"omh-schema","map":"properties.heartRate"},{"identity":"fhir-observation","map":"Rule1: IF no descriptiveStatistic (descriptiveStatistic.empty()) Observation.valueQuantity.value ELSE Observation.component.valueQuantity.value"}]},{"id":"OmhHeartRate.effectiveTimeFrame","path":"OmhHeartRate.effectiveTimeFrame","definition":"A time frame as a point in time or a time interval.","min":0,"max":"1","type":[{"code":"dateTime"},{"code":"Period"}],"mustSupport":false,"isModifier":false,"mapping":[{"identity":"omh-schema","map":"properties.effectiveTimeFrame"},{"identity":"fhir-observation","map":"Observation.effective"}]},{"id":"OmhHeartRate.descriptiveStatistic","path":"OmhHeartRate.descriptiveStatistic","definition":"The descriptive statistic of a set of measurements.  E.g., average,count, etc.","min":0,"max":"1","type":[{"code":"code"}],"mustSupport":false,"isModifier":false,"binding":{"strength":"required","description":"Descriptive statistic","valueSetReference":{"reference":"http://hl7.org/fhir/ValueSet/observation-statistics"}},"mapping":[{"identity":"omh-schema","map":"properties.descriptiveStatistic"},{"identity":"fhir-observation","map":"Observation.component.code"}]},{"id":"OmhHeartRate.temporalRelationshipToPhysicalActivity","path":"OmhHeartRate.temporalRelationshipToPhysicalActivity","definition":"The temporal relationship of a clinical measure or assessment to physical activity.","min":0,"max":"1","type":[{"code":"code"}],"mustSupport":false,"isModifier":false,"binding":{"strength":"required","description":"The temporal relationship of a clinical measure or assessment to physical activity","valueSetReference":{"reference":"http://www.fhir.org/guides/mfhir/ValueSet/temporal-relationship-to-physical-activity"}},"mapping":[{"identity":"omh-schema","map":"properties.temporalRelationshipToPhysicalActivity"},{"identity":"fhir-observation","map":"Observation.component (ConceptMap to component observation code value pair)"}]},{"id":"OmhHeartRate.temporalRelationshipToSleep","path":"OmhHeartRate.temporalRelationshipToSleep","definition":"The temporal relationship of a clinical measure or assessment to sleep.","min":0,"max":"1","type":[{"code":"code"}],"mustSupport":false,"isModifier":false,"binding":{"strength":"required","description":"The temporal relationship of a clinical measure or assessment to sleep","valueSetReference":{"reference":"http://www.fhir.org/guides/mfhir/ValueSet/temporal-relationship-to-sleep"}},"mapping":[{"identity":"omh-schema","map":"properties.temporalRelationshipToSleep"},{"identity":"fhir-observation","map":"Observation.component (ConceptMap to component observation code value pair)"}]}]},"differential":{"element":[{"id":"OmhHeartRate","path":"OmhHeartRate","definition":"The SNOMED code represents Pulse rate (observable entity),  reference: http://purl.bioontology.org/ontology/SNOMEDCT/78564009.","mustSupport":false,"isModifier":false,"mapping":[{"identity":"omh-schema","map":"OMH Step Count Schema"},{"identity":"fhir-observation","map":"Observation resource with Observation.code  = LOINC 55423-8 (Heart rate)"}]},{"id":"OmhHeartRate.omhHeader","path":"OmhHeartRate.omhHeader","definition":"The header property represents the header of a data transaction","min":1,"max":"1","type":[{"code":"StructureDefinition","profile":"http://www.fhir.org/guides/mfhir/StructureDefinition/omh-header"}],"mustSupport":false,"isModifier":false,"mapping":[{"identity":"omh-schema","map":"see OmhHeader Mapping tables"},{"identity":"fhir-observation","map":"see OmhHeader Mapping tables"}]},{"id":"OmhHeartRate.valueUnit","path":"OmhHeartRate.valueUnit","definition":"A numerical value with a unit of measure.","min":1,"max":"1","type":[{"code":"Quantity"}],"patternQuantity":{"unit":"beats/min","system":"http://unitsofmeasure.org","code":"/min"},"mustSupport":false,"isModifier":false,"mapping":[{"identity":"omh-schema","map":"properties.heartRate"},{"identity":"fhir-observation","map":"Rule1: IF no descriptiveStatistic (descriptiveStatistic.empty()) Observation.valueQuantity.value ELSE Observation.component.valueQuantity.value"}]},{"id":"OmhHeartRate.effectiveTimeFrame","path":"OmhHeartRate.effectiveTimeFrame","definition":"A time frame as a point in time or a time interval.","min":0,"max":"1","type":[{"code":"dateTime"},{"code":"Period"}],"mustSupport":false,"isModifier":false,"mapping":[{"identity":"omh-schema","map":"properties.effectiveTimeFrame"},{"identity":"fhir-observation","map":"Observation.effective"}]},{"id":"OmhHeartRate.descriptiveStatistic","path":"OmhHeartRate.descriptiveStatistic","definition":"The descriptive statistic of a set of measurements.  E.g., average,count, etc.","min":0,"max":"1","type":[{"code":"code"}],"mustSupport":false,"isModifier":false,"binding":{"strength":"required","description":"Descriptive statistic","valueSetReference":{"reference":"http://hl7.org/fhir/ValueSet/observation-statistics"}},"mapping":[{"identity":"omh-schema","map":"properties.descriptiveStatistic"},{"identity":"fhir-observation","map":"Observation.component.code"}]},{"id":"OmhHeartRate.temporalRelationshipToPhysicalActivity","path":"OmhHeartRate.temporalRelationshipToPhysicalActivity","definition":"The temporal relationship of a clinical measure or assessment to physical activity.","min":0,"max":"1","type":[{"code":"code"}],"mustSupport":false,"isModifier":false,"binding":{"strength":"required","description":"The temporal relationship of a clinical measure or assessment to physical activity","valueSetReference":{"reference":"http://www.fhir.org/guides/mfhir/ValueSet/temporal-relationship-to-physical-activity"}},"mapping":[{"identity":"omh-schema","map":"properties.temporalRelationshipToPhysicalActivity"},{"identity":"fhir-observation","map":"Observation.component (ConceptMap to component observation code value pair)"}]},{"id":"OmhHeartRate.temporalRelationshipToSleep","path":"OmhHeartRate.temporalRelationshipToSleep","definition":"The temporal relationship of a clinical measure or assessment to sleep.","min":0,"max":"1","type":[{"code":"code"}],"mustSupport":false,"isModifier":false,"binding":{"strength":"required","description":"The temporal relationship of a clinical measure or assessment to sleep","valueSetReference":{"reference":"http://www.fhir.org/guides/mfhir/ValueSet/temporal-relationship-to-sleep"}},"mapping":[{"identity":"omh-schema","map":"properties.temporalRelationshipToSleep"},{"identity":"fhir-observation","map":"Observation.component (ConceptMap to component observation code value pair)"}]}]}}