{"resourceType":"ValueSet","id":"duration-unit-value","text":{"status":"generated","div":"<div xmlns=\"http://www.w3.org/1999/xhtml\"><h2>Duration Unit Value</h2><div><p>This schema represents a duration or length of time.</p>\n</div><p><b>Copyright Statement:</b> Open mHealth copyright 2015, a project of the Tides Center. All Rights Reserved. UCUM is copyright 1999-2013 Regenstrief Institute, Inc. and The UCUM Organization, Indianapolis, IN. All rights reserved. See http://unitsofmeasure.org/trac//wiki/TermsOfUse for details.</p><p>This value set includes codes from the following code systems:</p><ul><li>Include these codes as defined in <a href=\"http://unitsofmeasure.org\"><code>http://unitsofmeasure.org</code></a><table class=\"none\"><tr><td style=\"white-space:nowrap\"><b>Code</b></td><td><b>Display</b></td></tr><tr><td>ps</td><td>ps</td><td/></tr><tr><td>ns</td><td>ns</td><td/></tr><tr><td>us</td><td>us</td><td/></tr><tr><td>ms</td><td>ms</td><td/></tr><tr><td>sec</td><td>sec</td><td/></tr><tr><td>min</td><td>min</td><td/></tr><tr><td>h</td><td>h</td><td/></tr><tr><td>d</td><td>d</td><td/></tr><tr><td>wk</td><td>wk</td><td/></tr><tr><td>Mo</td><td>Mo</td><td/></tr><tr><td>yr</td><td>yr</td><td/></tr></table></li></ul></div>"},"url":"http://www.fhir.org/guides/mfhir/ValueSet/duration-unit-value","version":"0.0.0","name":"duration-unit-value","title":"Duration Unit Value","status":"draft","date":"2018-04-28T12:14:28-07:00","publisher":"Open mHealth","contact":[{"telecom":[{"system":"url","value":"http://www.openmhealth.org/"}]}],"description":"This schema represents a duration or length of time.","immutable":false,"copyright":"Open mHealth copyright 2015, a project of the Tides Center. All Rights Reserved. UCUM is copyright 1999-2013 Regenstrief Institute, Inc. and The UCUM Organization, Indianapolis, IN. All rights reserved. See http://unitsofmeasure.org/trac//wiki/TermsOfUse for details.","compose":{"include":[{"system":"http://unitsofmeasure.org","concept":[{"code":"ps","display":"ps"},{"code":"ns","display":"ns"},{"code":"us","display":"us"},{"code":"ms","display":"ms"},{"code":"sec","display":"sec"},{"code":"min","display":"min"},{"code":"h","display":"h"},{"code":"d","display":"d"},{"code":"wk","display":"wk"},{"code":"Mo","display":"Mo"},{"code":"yr","display":"yr"}]}]}}