{"resourceType":"ValueSet","id":"visit-type","text":{"status":"extensions","div":"<div xmlns=\"http://www.w3.org/1999/xhtml\"><h2>Argonaut_Visit_Types</h2><div><p>The Argonaut Visit Types are a prioritized valueset of the most common 'business types' for scheduling and have been identified as the baseline use cases for the  Argonaut scheduling Implementation Guide.  This is intended to facilitates implementation of the IG by provide a common starting point for interoperability.  These concept are used in the Argonaut Appointment, Schedule and Slot resources.  The Visit types can be extended by implementers to meet there use cases.  In order to address overlap between <code>serviceType</code> and <code>appointmentType</code>, these concepts are mapped to the <a href=\"http://fhir.org/guides/argonaut-scheduling/ConceptMap/visit-appt-map\">Argonaut Appointment Types</a>.  A mapping to <a href=\"http://fhir.org/guides/argonaut-scheduling/ConceptMap/visit-snomed-map\">SNOMED CT</a> is also provided.</p>\n</div><p>This value set includes codes from the following code systems:</p><ul><li>Include these codes as defined in <a href=\"CodeSystem-visit-type.html\"><code>http://fhir.org/guides/argonaut-scheduling/CodeSystem/visit-type</code></a><table class=\"none\"><tr><td style=\"white-space:nowrap\"><b>Code</b></td><td><b>Display</b></td><td><b>Definition</b></td></tr><tr><td><a href=\"CodeSystem-visit-type.html#visit-type-breast-imaging\">breast-imaging</a></td><td>BREAST IMAGING</td><td>breast imaging visit</td></tr><tr><td><a href=\"CodeSystem-visit-type.html#visit-type-consult\">consult</a></td><td>CONSULTATION</td><td>consultation visit</td></tr><tr><td><a href=\"CodeSystem-visit-type.html#visit-type-ct\">ct</a></td><td>COMPUTED TOMOGRAPHY SCAN(CT)</td><td>computed tomography scan(ct) visit</td></tr><tr><td><a href=\"CodeSystem-visit-type.html#visit-type-dental\">dental</a></td><td>DENTAL</td><td>dental visit</td></tr><tr><td><a href=\"CodeSystem-visit-type.html#visit-type-dxa\">dxa</a></td><td>DUAL-ENERGY X-RAY ABSORPTIOMETRY(DXA)</td><td>Dual-energy X-ray absorptiometry(dxa) visit</td></tr><tr><td><a href=\"CodeSystem-visit-type.html#visit-type-echo\">echo</a></td><td>ECHOCARDIOGRAPHY(ECHO)</td><td>echocardiography(echo) visit</td></tr><tr><td><a href=\"CodeSystem-visit-type.html#visit-type-echo-stresstest\">echo-stresstest</a></td><td>ECHOCARDIOGRAPHY(ECHO) STRESS TEST</td><td>echocardiography(echo) stress test visit</td></tr><tr><td><a href=\"CodeSystem-visit-type.html#visit-type-ed-followup\">ed-followup</a></td><td>EDUCATION FOLLOW UP</td><td>education follow up visit</td></tr><tr><td><a href=\"CodeSystem-visit-type.html#visit-type-eeg\">eeg</a></td><td>ELECTROENCEPHALOGRAPHY(EEG)</td><td>Electroencephalography(eeg) visit</td></tr><tr><td><a href=\"CodeSystem-visit-type.html#visit-type-egd\">egd</a></td><td>ESOPHAGOGASTRODUODENOSCOPY(EGD)</td><td>esophagogastroduodenoscopy(egd) visit</td></tr><tr><td><a href=\"CodeSystem-visit-type.html#visit-type-ekg\">ekg</a></td><td>ELECTROCARDIOGRAM(EKG)</td><td>electrocardiogram(ekg) visit</td></tr><tr><td><a href=\"CodeSystem-visit-type.html#visit-type-evaluation\">evaluation</a></td><td>EVALUATION</td><td>evaluation visit</td></tr><tr><td><a href=\"CodeSystem-visit-type.html#visit-type-flu-shot-clinic\">flu-shot-clinic</a></td><td>INFLUENZA VACCINATION CLINIC</td><td>Influenza vaccination clinic visit</td></tr><tr><td><a href=\"CodeSystem-visit-type.html#visit-type-fluoroscopy\">fluoroscopy</a></td><td>FLUOROSCOPY</td><td>fluoroscopy visit</td></tr><tr><td><a href=\"CodeSystem-visit-type.html#visit-type-follow-up\">follow-up</a></td><td>FOLLOW UP</td><td>follow up visit</td></tr><tr><td><a href=\"CodeSystem-visit-type.html#visit-type-home-health\">home-health</a></td><td>HOME HEALTH VISIT</td><td>home health visit visit</td></tr><tr><td><a href=\"CodeSystem-visit-type.html#visit-type-injection\">injection</a></td><td>INJECTION</td><td>injection visit</td></tr><tr><td><a href=\"CodeSystem-visit-type.html#visit-type-inter-rad\">inter-rad</a></td><td>INTERVENTIONAL RADIOLOGY</td><td>interventional radiology visit</td></tr><tr><td><a href=\"CodeSystem-visit-type.html#visit-type-lab\">lab</a></td><td>LABORATORY TESTS</td><td>Laboratory Testing visit</td></tr><tr><td><a href=\"CodeSystem-visit-type.html#visit-type-minor-surgery\">minor-surgery</a></td><td>MINOR SURGERY</td><td>minor surgery visit</td></tr><tr><td><a href=\"CodeSystem-visit-type.html#visit-type-mri\">mri</a></td><td>MAGNETIC RESONANCE IMAGING(MRI)</td><td>magnetic resonance imaging(mri) visit</td></tr><tr><td><a href=\"CodeSystem-visit-type.html#visit-type-new-patient\">new-patient</a></td><td>NEW PATIENT</td><td>new patient visit</td></tr><tr><td><a href=\"CodeSystem-visit-type.html#visit-type-nuc-med\">nuc-med</a></td><td>NUCLEAR MEDICINE</td><td>nuclear medicine visit</td></tr><tr><td><a href=\"CodeSystem-visit-type.html#visit-type-occup-therapy\">occup-therapy</a></td><td>OCCUPATIONAL THERAPY</td><td>occupational therapy visit</td></tr><tr><td><a href=\"CodeSystem-visit-type.html#visit-type-office-visit\">office-visit</a></td><td>OFFICE VISIT</td><td>office visit</td></tr><tr><td><a href=\"CodeSystem-visit-type.html#visit-type-physical\">physical</a></td><td>PHYSICAL</td><td>physical visit</td></tr><tr><td><a href=\"CodeSystem-visit-type.html#visit-type-post-op\">post-op</a></td><td>POST-OPERATIVE(POST-OP)</td><td>post-operative visit</td></tr><tr><td><a href=\"CodeSystem-visit-type.html#visit-type-pre-admit-testing\">pre-admit-testing</a></td><td>PRE-ADMISSION TESTING VISIT</td><td>pre-admission testing visit visit</td></tr><tr><td><a href=\"CodeSystem-visit-type.html#visit-type-pre-op\">pre-op</a></td><td>PRE-OPERATIVE(PRE-OP)</td><td>pre-operative(pre-op) visit</td></tr><tr><td><a href=\"CodeSystem-visit-type.html#visit-type-procedure\">procedure</a></td><td>PROCEDURE</td><td>procedure visit</td></tr><tr><td><a href=\"CodeSystem-visit-type.html#visit-type-same-day\">same-day</a></td><td>SAME DAY</td><td>same day visit</td></tr><tr><td><a href=\"CodeSystem-visit-type.html#visit-type-stress-test\">stress-test</a></td><td>STRESS TEST</td><td>stress test visit</td></tr><tr><td><a href=\"CodeSystem-visit-type.html#visit-type-surgery\">surgery</a></td><td>SURGERY</td><td>surgery visit</td></tr><tr><td><a href=\"CodeSystem-visit-type.html#visit-type-treatment\">treatment</a></td><td>TREATMENT</td><td>treatment visit</td></tr><tr><td><a href=\"CodeSystem-visit-type.html#visit-type-ultrasound\">ultrasound</a></td><td>ULTRASOUND</td><td>ultrasound visit</td></tr><tr><td><a href=\"CodeSystem-visit-type.html#visit-type-urgent\">urgent</a></td><td>URGENT</td><td>urgent visit</td></tr><tr><td><a href=\"CodeSystem-visit-type.html#visit-type-vaccine\">vaccine</a></td><td>VACCINATION</td><td>vaccination visit</td></tr><tr><td><a href=\"CodeSystem-visit-type.html#visit-type-vision\">vision</a></td><td>VISION</td><td>vision visit</td></tr><tr><td><a href=\"CodeSystem-visit-type.html#visit-type-walk-in\">walk-in</a></td><td>WALK IN</td><td>walk in visit</td></tr><tr><td><a href=\"CodeSystem-visit-type.html#visit-type-well-child\">well-child</a></td><td>WELL CHILD</td><td>well child visit</td></tr><tr><td><a href=\"CodeSystem-visit-type.html#visit-type-x-ray\">x-ray</a></td><td>X-RAY</td><td>x-ray visit</td></tr></table></li></ul></div>"},"url":"http://fhir.org/guides/argonaut-scheduling/ValueSet/visit-type","version":"1.0.1","name":"Argonaut_Visit_Types","title":"Argonaut Visit Types","status":"active","date":"2017-07-30T12:40:10-07:00","description":"The Argonaut Visit Types are a prioritized valueset of the most common 'business types' for scheduling and have been identified as the baseline use cases for the  Argonaut scheduling Implementation Guide.  This is intended to facilitates implementation of the IG by provide a common starting point for interoperability.  These concept are used in the Argonaut Appointment, Schedule and Slot resources.  The Visit types can be extended by implementers to meet there use cases.  In order to address overlap between `serviceType` and `appointmentType`, these concepts are mapped to the [Argonaut Appointment Types](http://fhir.org/guides/argonaut-scheduling/ConceptMap/visit-appt-map).  A mapping to [SNOMED CT](http://fhir.org/guides/argonaut-scheduling/ConceptMap/visit-snomed-map) is also provided.","jurisdiction":[{"coding":[{"system":"urn:iso:std:iso:3166","code":"US","display":"United States of America"}]}],"compose":{"include":[{"system":"http://fhir.org/guides/argonaut-scheduling/CodeSystem/visit-type","concept":[{"extension":[{"url":"http://hl7.org/fhir/StructureDefinition/valueset-definition","valueString":"breast imaging visit"}],"code":"breast-imaging","display":"BREAST IMAGING"},{"extension":[{"url":"http://hl7.org/fhir/StructureDefinition/valueset-definition","valueString":"consultation visit"}],"code":"consult","display":"CONSULTATION"},{"extension":[{"url":"http://hl7.org/fhir/StructureDefinition/valueset-definition","valueString":"computed tomography scan(ct) visit"}],"code":"ct","display":"COMPUTED TOMOGRAPHY SCAN(CT)"},{"extension":[{"url":"http://hl7.org/fhir/StructureDefinition/valueset-definition","valueString":"dental visit"}],"code":"dental","display":"DENTAL"},{"extension":[{"url":"http://hl7.org/fhir/StructureDefinition/valueset-definition","valueString":"Dual-energy X-ray absorptiometry(dxa) visit"}],"code":"dxa","display":"DUAL-ENERGY X-RAY ABSORPTIOMETRY(DXA)"},{"extension":[{"url":"http://hl7.org/fhir/StructureDefinition/valueset-definition","valueString":"echocardiography(echo) visit"}],"code":"echo","display":"ECHOCARDIOGRAPHY(ECHO)"},{"extension":[{"url":"http://hl7.org/fhir/StructureDefinition/valueset-definition","valueString":"echocardiography(echo) stress test visit"}],"code":"echo-stresstest","display":"ECHOCARDIOGRAPHY(ECHO) STRESS TEST"},{"extension":[{"url":"http://hl7.org/fhir/StructureDefinition/valueset-definition","valueString":"education follow up visit"}],"code":"ed-followup","display":"EDUCATION FOLLOW UP"},{"extension":[{"url":"http://hl7.org/fhir/StructureDefinition/valueset-definition","valueString":"Electroencephalography(eeg) visit"}],"code":"eeg","display":"ELECTROENCEPHALOGRAPHY(EEG)"},{"extension":[{"url":"http://hl7.org/fhir/StructureDefinition/valueset-definition","valueString":"esophagogastroduodenoscopy(egd) visit"}],"code":"egd","display":"ESOPHAGOGASTRODUODENOSCOPY(EGD)"},{"extension":[{"url":"http://hl7.org/fhir/StructureDefinition/valueset-definition","valueString":"electrocardiogram(ekg) visit"}],"code":"ekg","display":"ELECTROCARDIOGRAM(EKG)"},{"extension":[{"url":"http://hl7.org/fhir/StructureDefinition/valueset-definition","valueString":"evaluation visit"}],"code":"evaluation","display":"EVALUATION"},{"extension":[{"url":"http://hl7.org/fhir/StructureDefinition/valueset-definition","valueString":"Influenza vaccination clinic visit"}],"code":"flu-shot-clinic","display":"INFLUENZA VACCINATION CLINIC"},{"extension":[{"url":"http://hl7.org/fhir/StructureDefinition/valueset-definition","valueString":"fluoroscopy visit"}],"code":"fluoroscopy","display":"FLUOROSCOPY"},{"extension":[{"url":"http://hl7.org/fhir/StructureDefinition/valueset-definition","valueString":"follow up visit"}],"code":"follow-up","display":"FOLLOW UP"},{"extension":[{"url":"http://hl7.org/fhir/StructureDefinition/valueset-definition","valueString":"home health visit visit"}],"code":"home-health","display":"HOME HEALTH VISIT"},{"extension":[{"url":"http://hl7.org/fhir/StructureDefinition/valueset-definition","valueString":"injection visit"}],"code":"injection","display":"INJECTION"},{"extension":[{"url":"http://hl7.org/fhir/StructureDefinition/valueset-definition","valueString":"interventional radiology visit"}],"code":"inter-rad","display":"INTERVENTIONAL RADIOLOGY"},{"extension":[{"url":"http://hl7.org/fhir/StructureDefinition/valueset-definition","valueString":"Laboratory Testing visit"}],"code":"lab","display":"LABORATORY TESTS"},{"extension":[{"url":"http://hl7.org/fhir/StructureDefinition/valueset-definition","valueString":"minor surgery visit"}],"code":"minor-surgery","display":"MINOR SURGERY"},{"extension":[{"url":"http://hl7.org/fhir/StructureDefinition/valueset-definition","valueString":"magnetic resonance imaging(mri) visit"}],"code":"mri","display":"MAGNETIC RESONANCE IMAGING(MRI)"},{"extension":[{"url":"http://hl7.org/fhir/StructureDefinition/valueset-definition","valueString":"new patient visit"}],"code":"new-patient","display":"NEW PATIENT"},{"extension":[{"url":"http://hl7.org/fhir/StructureDefinition/valueset-definition","valueString":"nuclear medicine visit"}],"code":"nuc-med","display":"NUCLEAR MEDICINE"},{"extension":[{"url":"http://hl7.org/fhir/StructureDefinition/valueset-definition","valueString":"occupational therapy visit"}],"code":"occup-therapy","display":"OCCUPATIONAL THERAPY"},{"extension":[{"url":"http://hl7.org/fhir/StructureDefinition/valueset-definition","valueString":"office visit"}],"code":"office-visit","display":"OFFICE VISIT"},{"extension":[{"url":"http://hl7.org/fhir/StructureDefinition/valueset-definition","valueString":"physical visit"}],"code":"physical","display":"PHYSICAL"},{"extension":[{"url":"http://hl7.org/fhir/StructureDefinition/valueset-definition","valueString":"post-operative visit"}],"code":"post-op","display":"POST-OPERATIVE(POST-OP)"},{"extension":[{"url":"http://hl7.org/fhir/StructureDefinition/valueset-definition","valueString":"pre-admission testing visit visit"}],"code":"pre-admit-testing","display":"PRE-ADMISSION TESTING VISIT"},{"extension":[{"url":"http://hl7.org/fhir/StructureDefinition/valueset-definition","valueString":"pre-operative(pre-op) visit"}],"code":"pre-op","display":"PRE-OPERATIVE(PRE-OP)"},{"extension":[{"url":"http://hl7.org/fhir/StructureDefinition/valueset-definition","valueString":"procedure visit"}],"code":"procedure","display":"PROCEDURE"},{"extension":[{"url":"http://hl7.org/fhir/StructureDefinition/valueset-definition","valueString":"same day visit"}],"code":"same-day","display":"SAME DAY"},{"extension":[{"url":"http://hl7.org/fhir/StructureDefinition/valueset-definition","valueString":"stress test visit"}],"code":"stress-test","display":"STRESS TEST"},{"extension":[{"url":"http://hl7.org/fhir/StructureDefinition/valueset-definition","valueString":"surgery visit"}],"code":"surgery","display":"SURGERY"},{"extension":[{"url":"http://hl7.org/fhir/StructureDefinition/valueset-definition","valueString":"treatment visit"}],"code":"treatment","display":"TREATMENT"},{"extension":[{"url":"http://hl7.org/fhir/StructureDefinition/valueset-definition","valueString":"ultrasound visit"}],"code":"ultrasound","display":"ULTRASOUND"},{"extension":[{"url":"http://hl7.org/fhir/StructureDefinition/valueset-definition","valueString":"urgent visit"}],"code":"urgent","display":"URGENT"},{"extension":[{"url":"http://hl7.org/fhir/StructureDefinition/valueset-definition","valueString":"vaccination visit"}],"code":"vaccine","display":"VACCINATION"},{"extension":[{"url":"http://hl7.org/fhir/StructureDefinition/valueset-definition","valueString":"vision visit"}],"code":"vision","display":"VISION"},{"extension":[{"url":"http://hl7.org/fhir/StructureDefinition/valueset-definition","valueString":"walk in visit"}],"code":"walk-in","display":"WALK IN"},{"extension":[{"url":"http://hl7.org/fhir/StructureDefinition/valueset-definition","valueString":"well child visit"}],"code":"well-child","display":"WELL CHILD"},{"extension":[{"url":"http://hl7.org/fhir/StructureDefinition/valueset-definition","valueString":"x-ray visit"}],"code":"x-ray","display":"X-RAY"}]}]}}