{"resourceType":"ValueSet","id":"volume-unit-value","text":{"status":"generated","div":"<div xmlns=\"http://www.w3.org/1999/xhtml\"><h2>volume-unit-value</h2><div><p>This schema represents a volume.</p>\n</div><p><b>Copyright Statement:</b> Open mHealth copyright 2015, a project of the Tides Center. All Rights Reserved. UCUM is copyright 1999-2013 Regenstrief Institute, Inc. and The UCUM Organization, Indianapolis, IN. All rights reserved. See http://unitsofmeasure.org/trac//wiki/TermsOfUse for details.</p><p>This value set includes codes from the following code systems:</p><ul><li>Include these codes as defined in <a href=\"http://unitsofmeasure.org\"><code>http://unitsofmeasure.org</code></a><table class=\"none\"><tr><td style=\"white-space:nowrap\"><b>Code</b></td><td><b>Display</b></td></tr><tr><td>fL</td><td>fL</td><td/></tr><tr><td>pL</td><td>pL</td><td/></tr><tr><td>nL</td><td>nL</td><td/></tr><tr><td>uL</td><td>uL</td><td/></tr><tr><td>mL</td><td>mL</td><td/></tr><tr><td>cL</td><td>cL</td><td/></tr><tr><td>dL</td><td>dL</td><td/></tr><tr><td>L</td><td>L</td><td/></tr><tr><td>kL</td><td>kL</td><td/></tr><tr><td>fl oz</td><td>fl oz</td><td/></tr><tr><td>Cup</td><td>Cup</td><td/></tr><tr><td>in^3</td><td>in^3</td><td/></tr><tr><td>pt</td><td>pt</td><td/></tr><tr><td>qt</td><td>qt</td><td/></tr><tr><td>gal</td><td>gal</td><td/></tr><tr><td>tsp</td><td>tsp</td><td/></tr><tr><td>tbsp</td><td>tbsp</td><td/></tr></table></li></ul></div>"},"url":"http://www.fhir.org/guides/mfhir/ValueSet/volume-unit-value","version":"0.0.0","name":"volume-unit-value","title":"Volume Unit Value","status":"draft","date":"2018-04-28T12:14:28-07:00","publisher":"Open mHealth","contact":[{"telecom":[{"system":"url","value":"http://www.openmhealth.org/"}]}],"description":"This schema represents a volume.","immutable":false,"copyright":"Open mHealth copyright 2015, a project of the Tides Center. All Rights Reserved. UCUM is copyright 1999-2013 Regenstrief Institute, Inc. and The UCUM Organization, Indianapolis, IN. All rights reserved. See http://unitsofmeasure.org/trac//wiki/TermsOfUse for details.","compose":{"include":[{"system":"http://unitsofmeasure.org","concept":[{"code":"fL","display":"fL"},{"code":"pL","display":"pL"},{"code":"nL","display":"nL"},{"code":"uL","display":"uL"},{"code":"mL","display":"mL"},{"code":"cL","display":"cL"},{"code":"dL","display":"dL"},{"code":"L","display":"L"},{"code":"kL","display":"kL"},{"code":"fl oz","display":"fl oz"},{"code":"Cup","display":"Cup"},{"code":"in^3","display":"in^3"},{"code":"pt","display":"pt"},{"code":"qt","display":"qt"},{"code":"gal","display":"gal"},{"code":"tsp","display":"tsp"},{"code":"tbsp","display":"tbsp"}]}]}}