{"resourceType":"ImplementationGuide","id":"healthedatainc.ig-template2-0.0.0","text":{"status":"generated","div":"<div xmlns=\"http://www.w3.org/1999/xhtml\"><h2>IGTest3</h2><p>The official URL for this implementation guide is: </p><pre>http://www.fhir.org/guides/test3/ImplementationGuide/healthedatainc.ig-template2-0.0.0</pre></div>"},"url":"http://www.fhir.org/guides/test3/ImplementationGuide/healthedatainc.ig-template2-0.0.0","version":"0.0.0","name":"IGTest3","title":"IG Test3","status":"draft","date":"2019-09-08T15:32:04-07:00","publisher":"Health eData Inc","contact":[{"telecom":[{"system":"email","value":"mailto:ehaas@healthedatainc.com"}]},{"telecom":[{"system":"url","value":"http://foobar.com"}]}],"copyright":"Used by permission of Health eData Inc, all rights reserved Creative Commons License","packageId":"healthedatainc.ig-template2","license":"CC0-1.0","fhirVersion":["4.0.0"],"dependsOn":[{"id":"uscore","uri":"http://hl7.org/fhir/us/core/ImplementationGuide/hl7.fhir.us.core","packageId":"hl7.fhir.us.core","version":"current"}],"definition":{"grouping":[{"name":"base"},{"id":"patient-on-usprofile-spreadsheet.xml","name":"/Users/ehaas/Documents/FHIR/IG-Template2/input/resources/patient-on-usprofile-spreadsheet"},{"id":"template-profile-spreadsheet.xml","name":"Template-basic"}],"resource":[{"extension":[{"url":"http://hl7.org/fhir/StructureDefinition/implementationguide-page","valueUri":"diet.html"}],"reference":{"reference":"Basic/diet"},"exampleBoolean":true},{"extension":[{"url":"http://hl7.org/fhir/StructureDefinition/implementationguide-page","valueUri":"example.html"}],"reference":{"reference":"Patient/example"},"exampleBoolean":true},{"extension":[{"url":"http://hl7.org/fhir/StructureDefinition/implementationguide-page","valueUri":"example2.html"}],"reference":{"reference":"Patient/example2"},"exampleBoolean":true},{"extension":[{"url":"http://hl7.org/fhir/StructureDefinition/implementationguide-page","valueUri":"md-example.html"}],"reference":{"reference":"MessageDefinition/md-example"},"exampleBoolean":true},{"extension":[{"url":"http://hl7.org/fhir/StructureDefinition/implementationguide-page","valueUri":"extension-extension-complex.html"}],"reference":{"reference":"StructureDefinition/extension-complex"},"exampleBoolean":false},{"extension":[{"url":"http://hl7.org/fhir/StructureDefinition/implementationguide-page","valueUri":"extension-extension-blah.html"}],"reference":{"reference":"StructureDefinition/extension-blah"},"exampleBoolean":false},{"extension":[{"url":"http://hl7.org/fhir/StructureDefinition/implementationguide-page","valueUri":"opdef-test.html"}],"reference":{"reference":"OperationDefinition/opdef-test"},"exampleBoolean":false},{"extension":[{"url":"http://hl7.org/fhir/StructureDefinition/implementationguide-page","valueUri":"ifr.html"}],"reference":{"reference":"StructureDefinition/ifr"},"exampleBoolean":false},{"extension":[{"url":"http://hl7.org/fhir/StructureDefinition/implementationguide-page","valueUri":"server.html"}],"reference":{"reference":"CapabilityStatement/server"},"exampleBoolean":false},{"extension":[{"url":"http://hl7.org/fhir/StructureDefinition/implementationguide-page","valueUri":"blah-codes.html"}],"reference":{"reference":"CodeSystem/blah-codes"},"exampleBoolean":false},{"extension":[{"url":"http://hl7.org/fhir/StructureDefinition/implementationguide-page","valueUri":"client.html"}],"reference":{"reference":"CapabilityStatement/client"},"exampleBoolean":false},{"extension":[{"url":"http://hl7.org/fhir/StructureDefinition/implementationguide-page","valueUri":"template-profile-on-profile.html"}],"reference":{"reference":"StructureDefinition/template-profile-on-profile"},"exampleBoolean":false},{"extension":[{"url":"http://hl7.org/fhir/StructureDefinition/implementationguide-page","valueUri":"template-basic.html"}],"reference":{"reference":"StructureDefinition/template-basic"},"exampleBoolean":false},{"extension":[{"url":"http://hl7.org/fhir/StructureDefinition/implementationguide-page","valueUri":"valueset-blah-codes.html"}],"reference":{"reference":"ValueSet/blah-codes"},"exampleBoolean":false},{"extension":[{"url":"http://hl7.org/fhir/StructureDefinition/implementationguide-page","valueUri":"extension-extension-blah2.html"}],"reference":{"reference":"StructureDefinition/extension-blah2"},"name":"blah2","groupingId":"template-profile-spreadsheet.xml"}],"page":{"nameUrl":"index.html","title":"Home","generation":"markdown","page":[{"nameUrl":"guidance.html","title":"General Guidance","generation":"markdown"},{"nameUrl":"profiles.html","title":"Profiles and Extensions","generation":"markdown","page":[{"nameUrl":"StructureDefinition-ifr.html","title":"StructureDefinition Ifr","generation":"generated"},{"nameUrl":"StructureDefinition-template-profile-on-profile.html","title":"StructureDefinition Template Profile On Profile","generation":"generated"},{"nameUrl":"StructureDefinition-template-basic.html","title":"StructureDefinition Template Basic","generation":"generated"},{"nameUrl":"StructureDefinition-extension-complex.html","title":"StructureDefinition Extension Complex","generation":"generated"},{"nameUrl":"StructureDefinition-extension-blah.html","title":"StructureDefinition Extension Blah","generation":"generated"}]},{"nameUrl":"operations.html","title":"Operations","generation":"markdown","page":[{"nameUrl":"OperationDefinition-opdef-test.html","title":"OperationDefinition Opdef Test","generation":"generated"}]},{"nameUrl":"terminology.html","title":"Terminology","generation":"markdown","page":[{"nameUrl":"ValueSet-blah-codes.html","title":"ValueSet Blah Codes","generation":"generated"},{"nameUrl":"CodeSystem-blah-codes.html","title":"CodeSystem Blah Codes","generation":"generated"}]},{"nameUrl":"searchparameters.html","title":"Search Parameters","generation":"markdown"},{"nameUrl":"capstatements.html","title":"Capability Statements","generation":"markdown","page":[{"nameUrl":"CapabilityStatement-server.html","title":"CapabilityStatement Server","generation":"generated"},{"nameUrl":"CapabilityStatement-client.html","title":"CapabilityStatement Client","generation":"generated"}]},{"nameUrl":"security.html","title":"Security","generation":"markdown"},{"nameUrl":"downloads.html","title":"Downloads","generation":"markdown"},{"nameUrl":"all-examples.html","title":"All Examples","generation":"markdown"},{"nameUrl":"toc.html","title":"Table of Contents","generation":"html"}]},"parameter":[{"code":"path-resource","value":"input/capabilities"},{"code":"path-resource","value":"input/examples"},{"code":"path-resource","value":"input/extensions"},{"code":"path-resource","value":"input/models"},{"code":"path-resource","value":"input/operations"},{"code":"path-resource","value":"input/profiles"},{"code":"path-resource","value":"input/resources"},{"code":"path-resource","value":"input/vocabulary"},{"code":"path-pages","value":"input/pagecontent"},{"code":"path-pages","value":"input/images"},{"code":"path-qa","value":"temp/qa"},{"code":"path-temp","value":"temp/pages"},{"code":"path-output","value":"output"},{"code":"path-tx-cache","value":"input-cache/txcache"},{"code":"path-suppressed-warnings","value":"input/ignoreWarnings.txt"},{"code":"template-html","value":"template-page.html"},{"code":"template-md","value":"template-page-md.html"},{"code":"apply-contact","value":"true"},{"code":"apply-context","value":"true"},{"code":"apply-copyright","value":"true"},{"code":"apply-jurisdiction","value":"true"},{"code":"apply-license","value":"true"},{"code":"apply-publisher","value":"true"},{"code":"apply-version","value":"true"}]}}